draft_year,pick,round,name,nba_team,pre_draft_team,nationality,college,birth_date,birth_source,wiki_name_ok,age_draft,sleeper_id,sleeper_name,bbref_nba_g_thru_2025_26,pre_draft_type,sleeper_gp_2020_25,match_conf,in_league_2026_rookie_draft,cbb_slug,college_season,college_stat_match,games,mpg,pts,reb,ast,stl,blk,tov,tpm,fp_per_game,fp40,per40_pts,per40_reb,per40_ast,per40_stl,per40_blk,per40_tov,per40_tpm,bpm,obpm,dbpm,per,usg_pct,ts_pct,ws40,mp_total,college_pos,cbb_slug_school,adp_dynasty_raw,adp_dynasty,n_seasons_observed,nba_fp_raw,nba_gp,nba_fp_norm,fp_s1,gp_s1,fp_s2,gp_s2,fp_s3,gp_s3,college_stats_reliable
2020,1,1,Anthony Edwards,MIN,Georgia (Fr.),United States,Georgia,2001-08-05,sleeper,True,19.288,2133,Anthony Edwards,442,college,441.0,high_gp_verified,,anthony-edwards-2,2020,exact,32.0,33.03125,19.0625,5.21875,2.84375,1.34375,0.5625,2.71875,2.25,19.812,23.992,23.084,6.32,3.444,1.627,0.681,3.292,2.725,5.453411,4.762292,0.691119,20.805282,30.443293,0.5202780502,0.1363462630085146,1057.0,G,georgia,87.0,87.0,3,4983.0,223.0,5.6014,1403.5,72.0,1598.0,72.0,1981.5,79.0,True
2020,2,1,James Wiseman,GSW,Memphis (Fr.),United States,Memphis,2001-03-31,sleeper,True,19.636,2122,James Wiseman,152,college,151.0,high_gp_verified,,james-wiseman-1,2020,exact,3.0,23.0,19.6666666667,10.6666666667,0.3333333333,0.3333333333,3.0,1.0,0.0,26.5,46.087,34.203,18.551,0.58,0.58,5.217,1.739,0.0,17.969671,13.111296,4.858375,52.711391,29.059572,0.7598197038,0.4342371014492754,69.0,C,memphis,64.0,64.0,3,1060.0,84.0,1.2175,515.0,39.0,0.0,0,545.0,45.0,False
2020,3,1,LaMelo Ball,CHO,Illawarra Hawks (Australia),United States,,2001-08-22,sleeper,True,19.242,2179,LaMelo Ball,303,international_pro,303.0,high_gp_verified,,,,,,,,,,,,,,,,,,,,,,,,,,,,,,,,,48.0,48.0,3,4154.5,162.0,4.6883,1118.5,51.0,2014.0,75.0,1022.0,36.0,False
2020,4,1,Patrick Williams,CHI,Florida State (Fr.),United States,Florida State,2001-08-26,sleeper,True,19.231,2118,Patrick Williams,348,college,348.0,high_gp_verified,,patrick-williams-2,2020,exact,29.0,22.5172413793,9.2413793103,4.0,1.0,1.0,1.0344827586,1.724137931,0.5517241379,12.241,21.746,16.417,7.106,1.776,1.776,1.838,3.063,0.98,5.477178,2.254594,3.222584,19.356255,22.16964,0.5533760066,0.1535033996937213,653.0,F,florida-state,168.0,168.0,3,2185.5,170.0,2.4889,903.5,71.0,193.0,17.0,1089.0,82.0,True
2020,5,1,Isaac Okoro,CLE,Auburn (Fr.),United States,Auburn,2001-01-26,sleeper,True,19.811,2120,Isaac Okoro,397,college,396.0,high_gp_verified,,isaac-okoro-1,2020,exact,28.0,31.4642857143,12.8571428571,4.4285714286,2.0357142857,0.9285714286,0.8928571429,1.9642857143,0.7142857143,14.929,18.978,16.345,5.63,2.588,1.18,1.135,2.497,0.908,6.305723,3.786826,2.518897,19.122798,19.63459,0.5869884233,0.155689943246311,881.0,F,auburn,132.0,132.0,3,2202.5,210.0,2.5057,775.0,67.0,743.5,67.0,684.0,76.0,True
2020,6,1,Onyeka Okongwu,ATL,USC (Fr.),United States,USC,2000-12-11,sleeper,True,19.937,2136,Onyeka Okongwu,381,college,381.0,high_gp_verified,,onyeka-okongwu-1,2020,exact,28.0,30.6428571429,16.2142857143,8.6428571429,1.0714285714,1.2142857143,2.7142857143,2.0,0.0357142857,23.696,30.932,21.166,11.282,1.399,1.585,3.543,2.611,0.047,11.603356,6.663495,4.939861,31.070341,23.609596,0.6450237977,0.2510978554778554,858.0,F,southern-california,78.0,78.0,3,2364.5,178.0,2.602,380.0,50.0,671.0,48.0,1313.5,80.0,True
2020,7,1,Killian Hayes,DET,Ratiopharm Ulm (Germany),France,,2001-07-27,sleeper,True,19.313,2182,Killian Hayes,239,international_pro,239.0,high_gp_verified,,,,,,,,,,,,,,,,,,,,,,,,,,,,,,,,,51.0,51.0,3,2369.5,168.0,2.5993,296.0,26.0,854.5,66.0,1219.0,76.0,False
2020,8,1,Obi Toppin,NYK,Dayton (So.),United States,Dayton,1998-03-04,sleeper,True,22.71,2119,Obi Toppin,386,college,385.0,high_gp_verified,,obadiah-toppin-1,2020,exact,31.0,31.6451612903,20.0322580645,7.5483870968,2.1612903226,0.9677419355,1.2258064516,2.1935483871,1.0322580645,22.435,28.359,25.321,9.541,2.732,1.223,1.549,2.773,1.305,12.322835,9.009191,3.313644,32.504297,28.058876,0.6839583678,0.2786145973496432,981.0,F,dayton,129.0,129.0,3,1689.5,201.0,1.8846,347.5,62.0,762.0,72.0,580.0,67.0,True
2020,9,1,Deni Avdija,WAS,Maccabi Tel Aviv (Israel),Israel,,2001-01-03,sleeper,True,19.874,2181,Deni Avdija,425,international_pro,424.0,high_gp_verified,,,,,,,,,,,,,,,,,,,,,,,,,,,,,,,,,121.0,121.0,3,2838.0,212.0,3.1585,585.5,54.0,1095.5,82.0,1157.0,76.0,False
2020,10,1,Jalen Smith,PHO,Maryland (So.),United States,Maryland,2000-03-16,sleeper,True,20.676,2156,Jalen Smith,324,college,323.0,high_gp_verified,,jalen-smith-1,2020,exact,31.0,31.2903225806,15.4516129032,10.5161290323,0.8064516129,0.7096774194,2.3548387097,1.7096774194,1.0322580645,23.984,30.66,19.753,13.443,1.031,0.907,3.01,2.186,1.32,11.995695,7.695842,4.299853,29.267592,22.789405,0.6264713576,0.2489249072164948,970.0,F,maryland,186.0,186.0,3,1637.5,146.0,1.7744,69.5,27.0,661.0,51.0,907.0,68.0,True
2020,11,1,Devin Vassell,SAS,Florida State (So.),United States,Florida State,2000-08-23,sleeper,True,20.238,2146,Devin Vassell,370,college,370.0,high_gp_verified,,devin-vassell-1,2020,exact,30.0,28.7666666667,12.6666666667,5.0666666667,1.6333333333,1.4,0.9666666667,0.7666666667,1.4666666667,17.733,24.658,17.613,7.045,2.271,1.947,1.344,1.066,2.039,10.894848,6.697633,4.197215,23.846733,19.974612,0.5848403232,0.2184596523754345,863.0,G,florida-state,118.0,118.0,3,2408.0,171.0,2.6934,526.5,62.0,1127.5,71.0,754.0,38.0,True
2020,12,1,Tyrese Haliburton,SAC,Iowa State (So.),United States,Iowa State,2000-02-29,sleeper,True,20.72,2161,Tyrese Haliburton,333,college,332.0,high_gp_verified,,tyrese-haliburton-1,2020,exact,22.0,36.6818181818,15.2272727273,5.8636363636,6.4545454545,2.4545454545,0.6818181818,2.7727272727,2.3636363636,24.614,26.84,16.605,6.394,7.038,2.677,0.743,3.024,2.577,11.650164,7.986701,3.663463,25.868974,20.081437,0.6311822892,0.187221511771995,807.0,G,iowa-state,89.0,89.0,3,4417.5,191.0,4.9443,1042.0,58.0,1804.0,77.0,1571.5,56.0,True
2020,13,1,Kira Lewis Jr.,NOP,Alabama (So.),United States,Alabama,2001-04-06,sleeper,True,19.619,2140,Kira Lewis,131,college,130.0,high_gp_verified,,kira-lewisjr-1,2020,exact,31.0,37.6451612903,18.4838709677,4.7741935484,5.2258064516,1.8064516129,0.5806451613,3.5483870968,1.8064516129,21.371,22.708,19.64,5.073,5.553,1.919,0.617,3.77,1.919,5.491584,3.749801,1.741783,19.760481,24.306485,0.5604186024,0.1419902999143102,1167.0,G,alabama,128.0,128.0,3,754.0,103.0,0.8878,448.5,54.0,167.0,24.0,138.5,25.0,True
2020,14,1,Aaron Nesmith,BOS,Vanderbilt (So.),United States,Vanderbilt,1999-10-16,sleeper,True,21.092,2144,Aaron Nesmith,333,college,332.0,high_gp_verified,,aaron-nesmith-1,2020,exact,14.0,35.7142857143,23.0,4.8571428571,0.9285714286,1.4285714286,0.8571428571,1.7142857143,4.2857142857,22.286,24.96,25.76,5.44,1.04,1.6,0.96,1.92,4.8,9.655168,9.302454,0.352714,29.025585,26.263033,0.6853251038,0.2071108,500.0,F,vanderbilt,231.0,231.0,3,1457.0,171.0,1.6094,304.0,46.0,247.5,52.0,905.5,73.0,True
2020,15,1,Cole Anthony,ORL,North Carolina (Fr.),United States,UNC,2000-05-15,sleeper,True,20.512,2165,Cole Anthony,355,college,354.0,high_gp_verified,,cole-anthony-1,2020,exact,22.0,34.9090909091,18.5,5.6818181818,4.0,1.3181818182,0.2727272727,3.5,2.2272727273,19.727,22.604,21.198,6.51,4.583,1.51,0.312,4.01,2.552,5.13823,3.313554,1.824676,17.549384,29.964533,0.5014785609,0.1077290625,768.0,G,north-carolina,171.0,171.0,3,2990.5,172.0,3.353,726.5,47.0,1271.0,65.0,993.0,60.0,True
2020,16,1,Isaiah Stewart,POR,Washington (Fr.),United States,Washington,2001-05-22,sleeper,True,19.493,2159,Isaiah Stewart,365,college,365.0,high_gp_verified,,isaiah-stewart-2,2020,exact,32.0,32.21875,16.96875,8.78125,0.84375,0.53125,2.0625,2.21875,0.15625,21.156,26.266,21.067,10.902,1.048,0.66,2.561,2.755,0.194,7.4168,5.021786,2.395014,26.941458,24.544135,0.6291640114,0.221881629485936,1031.0,F,washington,268.0,268.0,3,2921.0,189.0,3.3178,970.0,68.0,1116.0,71.0,835.0,50.0,True
2020,17,1,Aleksej Pokusevski,MIN,Olympiacos Piraeus B (Greece),Serbia,,2001-12-26,sleeper,True,18.897,2183,Aleksej Pokuševski,168,international_pro,167.0,high_gp_verified,,,,,,,,,,,,,,,,,,,,,,,,,,,,,,,,,162.0,162.0,3,1798.0,140.0,2.0369,547.5,45.0,780.5,61.0,470.0,34.0,False
2020,18,1,Josh Green,DAL,Arizona (Fr.),Australia,Arizona,2000-11-16,sleeper,True,20.005,2155,Josh Green,349,college,348.0,high_gp_verified,,josh-green-2,2020,exact,30.0,30.8666666667,11.9666666667,4.5666666667,2.6,1.5333333333,0.4333333333,1.6333333333,1.0,15.95,20.67,15.508,5.918,3.369,1.987,0.562,2.117,1.296,6.911331,2.844301,4.06703,17.876838,20.711007,0.5282907807,0.1657476025917926,926.0,G,arizona,269.0,269.0,3,1285.0,166.0,1.4143,179.5,39.0,492.5,67.0,613.0,60.0,True
2020,19,1,Saddiq Bey,BRK,Villanova (So.),United States,Villanova,1999-04-09,sleeper,True,21.613,2131,Saddiq Bey,364,college,364.0,high_gp_verified,,saddiq-bey-1,2020,exact,31.0,33.9032258065,16.0967741935,4.7419354839,2.3870967742,0.7741935484,0.3870967742,1.4838709677,2.5483870968,17.29,20.4,18.991,5.595,2.816,0.913,0.457,1.751,3.007,8.084101,6.162034,1.922067,21.605985,22.790061,0.6082028155,0.1882717411988582,1051.0,F,villanova,264.0,264.0,3,3719.5,229.0,4.1864,1002.0,70.0,1530.0,82.0,1187.5,77.0,True
2020,20,1,Precious Achiuwa,MIA,Memphis (Fr.),Nigeria,Memphis,1999-09-19,sleeper,True,21.166,2152,Precious Achiuwa,393,college,392.0,high_gp_verified,,precious-achiuwa-1,2020,exact,31.0,30.4193548387,15.7741935484,10.7741935484,0.9677419355,1.0967741935,1.8709677419,2.8064516129,0.4193548387,22.968,30.201,20.742,14.168,1.273,1.442,2.46,3.69,0.551,5.838724,2.478162,3.360562,23.29216,27.697954,0.534046852,0.187328525980912,943.0,F,memphis,271.0,271.0,3,2157.5,189.0,2.4076,445.0,61.0,993.0,73.0,719.5,55.0,True
2020,21,1,Tyrese Maxey,PHI,Kentucky (Fr.),United States,Kentucky,2000-11-04,sleeper,True,20.038,2126,Tyrese Maxey,388,college,387.0,high_gp_verified,,tyrese-maxey-1,2020,exact,31.0,34.4838709677,13.9677419355,4.2903225806,3.1935483871,0.8709677419,0.3870967742,2.1612903226,1.064516129,15.355,17.811,16.202,4.977,3.704,1.01,0.449,2.507,1.235,4.416235,2.427464,1.988771,16.271926,22.726787,0.5306372549,0.1340234611786716,1069.0,G,kentucky,169.0,169.0,3,3009.0,196.0,3.339,520.5,61.0,1373.5,75.0,1115.0,60.0,True
2020,22,1,Zeke Nnaji,DEN,Arizona (Fr.),United States,Arizona,2001-01-09,sleeper,True,19.858,2164,Zeke Nnaji,303,college,302.0,high_gp_verified,,zeke-nnaji-1,2020,exact,32.0,30.65625,16.09375,8.625,0.84375,0.71875,0.875,2.1875,0.15625,18.594,24.261,20.999,11.254,1.101,0.938,1.142,2.854,0.204,7.976988,5.631807,2.345181,25.715982,24.08687,0.6295843521,0.2286119469928644,981.0,F,arizona,900.0,900.0,3,881.5,136.0,0.9795,170.0,42.0,354.5,41.0,357.0,53.0,True
2020,23,1,Leandro Bolmaro,NYK,FC Barcelona (Spain),Argentina,,2000-09-11,sleeper,True,20.186,2180,Leandro Bolmaro,49,international_pro,49.0,high_gp_verified,,,,,,,,,,,,,,,,,,,,,,,,,,,,,,,,,,,3,112.5,49.0,0.123,0.0,0,94.5,35.0,18.0,14.0,False
2020,24,1,R.J. Hampton,MIL,New Zealand Breakers (Australia),United States,,2001-02-07,sleeper,False,19.778,2186,RJ Hampton,170,international_pro,170.0,high_gp_verified,,,,,,,,,,,,,,,,,,,,,,,,,,,,,,,,,172.0,172.0,3,1462.5,162.0,1.6616,468.5,51.0,647.5,64.0,346.5,47.0,False
2020,25,1,Immanuel Quickley,OKC,Kentucky (So.),United States,Kentucky,1999-06-17,sleeper,True,21.424,2157,Immanuel Quickley,394,college,394.0,high_gp_verified,,immanuel-quickley-1,2020,exact,30.0,32.9666666667,16.0666666667,4.2,1.8666666667,0.9,0.1333333333,1.6,2.0666666667,15.6,18.928,19.494,5.096,2.265,1.092,0.162,1.941,2.508,7.250045,5.259885,1.99016,20.36759,23.432569,0.5949148358,0.1924471587462083,989.0,G,kentucky,900.0,900.0,3,3171.5,223.0,3.5336,712.5,64.0,1058.5,78.0,1400.5,81.0,True
2020,26,1,Payton Pritchard,BOS,Oregon (Sr.),United States,Oregon,1998-01-28,sleeper,True,22.806,2142,Payton Pritchard,426,college,425.0,high_gp_verified,,payton-pritchard-1,2020,exact,31.0,36.6129032258,20.4838709677,4.3225806452,5.5483870968,1.5161290323,0.0322580645,2.7419354839,2.8387096774,21.887,23.912,22.379,4.722,6.062,1.656,0.035,2.996,3.101,11.076467,9.180184,1.896283,27.149631,28.2064,0.600756859,0.2351513303964758,1135.0,G,oregon,900.0,900.0,3,1504.5,185.0,1.7313,623.0,66.0,569.5,71.0,312.0,48.0,True
2020,27,1,Udoka Azubuike,UTA,Kansas (Sr.),Nigeria,Kansas,1999-09-17,sleeper,True,21.172,2151,Udoka Azubuike,84,college,84.0,high_gp_verified,,udoka-azubuike-1,2020,exact,31.0,27.7096774194,13.7419354839,10.4516129032,0.935483871,0.4838709677,2.5806451613,2.4516129032,0.0,21.935,31.665,19.837,15.087,1.35,0.698,3.725,3.539,0.0,12.423853,7.211068,5.212785,31.278945,22.918378,0.6851628468,0.2542712922002328,859.0,C,kansas,900.0,900.0,3,376.5,68.0,0.4092,28.0,15.0,128.0,17.0,220.5,36.0,True
2020,28,1,Jaden McDaniels,LAL,Washington (Fr.),United States,Washington,2000-09-29,sleeper,True,20.137,2135,Jaden McDaniels,439,college,438.0,high_gp_verified,,jaden-mcdaniels-1,2020,exact,31.0,31.064516129,12.9677419355,5.8064516129,2.0967741935,0.7741935484,1.3870967742,3.2258064516,1.3870967742,16.177,20.831,16.698,7.477,2.7,0.997,1.786,4.154,1.786,2.578247,0.339592,2.238655,14.556777,25.630168,0.5151864667,0.0961969262720664,963.0,F,washington,900.0,900.0,3,2733.0,212.0,3.0581,693.5,63.0,874.5,70.0,1165.0,79.0,True
2020,29,1,Malachi Flynn,TOR,San Diego State (Jr.),United States,San Diego State,1998-05-09,sleeper,True,22.53,2147,Malachi Flynn,217,college,216.0,high_gp_verified,,malachi-flynn-1,2020,exact,32.0,33.4375,17.625,4.46875,5.0625,1.75,0.09375,1.78125,2.375,21.438,25.645,21.084,5.346,6.056,2.093,0.112,2.131,2.841,11.711142,7.624748,4.086394,27.6513,26.823179,0.5832471562,0.2777211214953271,1070.0,G,san-diego-state,900.0,900.0,3,1103.5,144.0,1.2726,502.5,47.0,279.5,44.0,321.5,53.0,True
2020,30,1,Desmond Bane,BOS,TCU (Sr.),United States,TCU,1998-06-25,sleeper,True,22.401,2143,Desmond Bane,395,college,395.0,high_gp_verified,,desmond-bane-1,2020,exact,32.0,36.0,16.59375,6.34375,3.875,1.46875,0.53125,2.3125,2.875,21.641,24.045,18.438,7.049,4.306,1.632,0.59,2.569,3.194,9.756838,7.136137,2.620701,22.615044,24.35332,0.5733412514,0.1832601736111111,1152.0,G,texas-christian,170.0,170.0,3,3505.5,202.0,3.9116,752.0,68.0,1475.0,76.0,1278.5,58.0,True
2020,31,2,Tyrell Terry,DAL,Stanford (Fr.),United States,Stanford,2000-09-28,sleeper,True,20.14,2154,Tyrell Terry,13,college,13.0,high_gp_verified,,tyrell-terry-1,2020,exact,31.0,32.5806451613,14.6451612903,4.4838709677,3.1935483871,1.3870967742,0.064516129,2.6451612903,2.0,16.258,19.96,17.98,5.505,3.921,1.703,0.079,3.248,2.455,6.095189,3.351955,2.743234,19.335831,24.467162,0.5892277742,0.1789106138613861,1010.0,G,stanford,900.0,900.0,3,26.5,13.0,0.0328,25.5,11.0,1.0,2.0,0.0,0,True
2020,32,2,Vernon Carey Jr.,CHO,Duke (Fr.),United States,Duke,2001-02-25,sleeper,True,19.729,2129,Vernon Carey,37,college,37.0,high_gp_verified,,vernon-careyjr-1,2020,exact,31.0,24.9032258065,17.8064516129,8.7741935484,0.9677419355,0.7096774194,1.5806451613,2.0322580645,0.2580645161,21.323,34.249,28.601,14.093,1.554,1.14,2.539,3.264,0.415,11.271265,7.852347,3.418918,34.130247,30.961701,0.6153160183,0.2879060621761658,772.0,C,duke,900.0,900.0,3,107.5,37.0,0.1258,59.5,19.0,25.0,7.0,23.0,11.0,True
2020,33,2,Daniel Oturu,MIN,Minnesota (So.),United States,Minnesota,1999-09-20,sleeper,True,21.164,2132,Daniel Oturu,33,college,33.0,high_gp_verified,,daniel-oturu-1,2020,exact,31.0,33.8709677419,20.0967741935,11.2580645161,1.0967741935,0.5483870968,2.4516129032,2.8387096774,0.6129032258,25.871,30.552,23.733,13.295,1.295,0.648,2.895,3.352,0.724,11.056185,7.670998,3.385187,30.676818,28.812021,0.6120143426,0.2258961523809524,1050.0,C,minnesota,900.0,900.0,3,113.0,33.0,0.1385,99.5,30.0,13.5,3.0,0.0,0,True
2020,34,2,Théo Maledon,PHI,ASVEL Villeurbanne (France),France,,2001-06-12,sleeper,True,19.436,2184,Théo Maledon,177,international_pro,177.0,high_gp_verified,,,,,,,,,,,,,,,,,,,,,,,,,,,,,,,,,270.0,270.0,3,1762.5,160.0,2.0355,813.5,65.0,468.5,51.0,480.5,44.0,False
2020,35,2,Xavier Tillman Sr.,SAC,Michigan State (Jr.),United States,Michigan State,1999-01-12,sleeper,True,21.851,2163,Xavier Tillman,290,college,289.0,high_gp_verified,,xavier-tillman-1,2020,exact,31.0,32.0967741935,13.7096774194,10.3225806452,3.0,1.1935483871,2.0967741935,1.9677419355,0.4193548387,25.0,31.156,17.085,12.864,3.739,1.487,2.613,2.452,0.523,12.563704,6.333491,6.230213,26.519576,20.988827,0.592871591,0.2338819698492462,995.0,F,michigan-state,900.0,900.0,3,1855.5,173.0,2.1026,646.0,59.0,452.0,53.0,757.5,61.0,True
2020,36,2,Tyler Bey,PHI,Colorado (Jr.),United States,Colorado,1998-02-10,sleeper,True,22.771,2127,Tyler Bey,18,college,18.0,high_gp_verified,,tyler-bey-1,2020,exact,31.0,28.9677419355,13.8387096774,9.0322580645,1.4838709677,1.5483870968,1.1612903226,2.4193548387,0.4193548387,20.645,28.508,19.109,12.472,2.049,2.138,1.604,3.341,0.579,10.137185,5.162751,4.974434,26.722151,24.421093,0.6112417183,0.2279983964365256,898.0,G,colorado,900.0,900.0,3,30.5,18.0,0.0379,30.5,18.0,0.0,0,0.0,0,True
2020,37,2,Vít Krejčí,WAS,Casademont Zaragoza (Spain),Czech Republic,,2000-06-19,sleeper,True,20.416,2185,Vít Krejčí,203,international_pro,202.0,high_gp_verified,,,,,,,,,,,,,,,,,,,,,,,,,,,,,,,,,,,3,368.0,59.0,0.4019,0.0,0,297.5,30.0,70.5,29.0,False
2020,38,2,Saben Lee,UTA,Vanderbilt (Jr.),United States,Vanderbilt,1999-06-23,sleeper,True,21.407,2150,Saben Lee,134,college,133.0,high_gp_verified,,saben-lee-1,2020,exact,32.0,32.875,18.5625,3.53125,4.1875,1.53125,0.28125,3.09375,1.21875,18.141,22.072,22.586,4.297,5.095,1.863,0.342,3.764,1.483,5.274926,4.895216,0.37971,24.318752,29.448266,0.5802481196,0.1524366159695817,1052.0,G,vanderbilt,900.0,900.0,3,1023.5,110.0,1.1807,443.5,48.0,370.0,37.0,210.0,25.0,True
2020,39,2,Elijah Hughes,NOP,Syracuse (Jr.),United States,Syracuse,1998-03-10,sleeper,True,22.694,2138,Elijah Hughes,54,college,54.0,high_gp_verified,,elijah-hughes-1,2020,exact,32.0,36.71875,19.03125,4.9375,3.40625,1.15625,0.8125,2.28125,2.4375,20.734,22.587,20.732,5.379,3.711,1.26,0.885,2.485,2.655,7.313012,6.092201,1.220811,22.105378,26.573572,0.5609284333,0.163600544680851,1175.0,F,syracuse,900.0,900.0,3,215.0,54.0,0.2411,32.5,18.0,182.5,36.0,0.0,0,True
2020,40,2,Robert Woodard II,MEM,Mississippi State (So.),United States,Mississippi State,1999-09-22,sleeper,True,21.158,2134,Robert Woodard,25,college,25.0,high_gp_verified,,robert-woodard-2,2020,exact,31.0,33.064516129,11.3548387097,6.5483870968,1.2903225806,1.1290322581,1.0322580645,1.8709677419,0.9677419355,16.452,19.902,13.737,7.922,1.561,1.366,1.249,2.263,1.171,6.008518,4.099784,1.908734,18.084764,18.160328,0.5640121775,0.1276935024390244,1025.0,G,mississippi-state,900.0,900.0,3,54.5,25.0,0.0647,33.5,13.0,21.0,12.0,0.0,0,True
2020,41,2,Tre Jones,SAS,Duke (So.),United States,Duke,2000-01-08,sleeper,True,20.862,2145,Tre Jones,362,college,361.0,high_gp_verified,,tre-jones-1,2020,exact,29.0,35.4482758621,16.2413793103,4.2413793103,6.3793103448,1.7931034483,0.3448275862,2.6896551724,1.3448275862,21.0,23.696,18.327,4.786,7.198,2.023,0.389,3.035,1.518,8.196939,5.139336,3.057603,21.176844,23.976366,0.5239154616,0.1918725291828794,1028.0,G,duke,900.0,900.0,3,2023.0,174.0,2.1904,111.5,37.0,658.5,69.0,1253.0,68.0,True
2020,42,2,Nick Richards,NOP,Kentucky (Jr.),Jamaica,Kentucky,1997-11-29,sleeper,True,22.971,2141,Nick Richards,305,college,305.0,high_gp_verified,,nick-richards-2,2020,exact,31.0,29.6451612903,14.0322580645,7.7741935484,0.2258064516,0.0967741935,2.1290322581,1.5806451613,0.0,17.887,24.135,18.934,10.49,0.305,0.131,2.873,2.133,0.0,7.004514,4.631073,2.373441,25.776884,20.696819,0.6736353078,0.221646528835691,919.0,F,kentucky,900.0,900.0,3,1067.0,133.0,1.1423,17.5,18.0,214.0,50.0,835.5,65.0,True
2020,43,2,Jahmi'us Ramsey,SAC,Texas Tech (Fr.),United States,Texas Tech,2001-06-09,sleeper,True,19.444,2162,Jahmi'us Ramsey,39,college,39.0,high_gp_verified,,jahmius-ramsey-1,2020,exact,27.0,31.1851851852,15.037037037,4.0,2.2222222222,1.3333333333,0.6666666667,2.0,2.2222222222,16.852,21.615,19.287,5.131,2.85,1.71,0.855,2.565,2.85,6.676021,4.305089,2.370932,19.13098,26.246095,0.545625588,0.156388836104513,842.0,G,texas-tech,900.0,900.0,3,101.0,32.0,0.1176,45.5,13.0,55.5,19.0,0.0,0,True
2020,44,2,Marko Simonovic,CHI,Mega Soccerbet (Serbia),Montenegro,,1999-10-15,sleeper,True,21.095,2187,Marko Simonović,16,international_pro,16.0,high_gp_verified,,,,,,,,,,,,,,,,,,,,,,,,,,,,,,,,,,,3,24.5,16.0,0.0267,0.0,0,19.0,9.0,5.5,7.0,False
2020,45,2,Jordan Nwora,MIL,Louisville (Jr.),Nigeria,Louisville,1998-09-09,sleeper,True,22.193,2153,Jordan Nwora,206,college,205.0,high_gp_verified,,jordan-nwora-1,2020,exact,31.0,33.0967741935,18.0,7.7096774194,1.2903225806,0.7419354839,0.2580645161,2.0967741935,2.4516129032,19.129,23.119,21.754,9.318,1.559,0.897,0.312,2.534,2.963,8.189261,6.262082,1.927179,22.550083,27.790538,0.5684596577,0.2014594541910331,1026.0,F,louisville,900.0,900.0,3,1435.5,154.0,1.5806,194.5,30.0,595.0,62.0,646.0,62.0,True
2020,46,2,CJ Elleby,POR,Washington State (So.),United States,Washington State,2000-06-16,sleeper,False,20.424,2160,CJ Elleby,88,college,88.0,high_gp_verified,,cj-elleby-1,2020,exact,32.0,33.375,18.40625,7.84375,1.875,1.75,0.8125,2.15625,2.3125,23.047,27.622,22.06,9.401,2.247,2.097,0.974,2.584,2.772,7.55234,4.739204,2.813136,22.46279,29.235984,0.5186457095,0.1686905992509363,1068.0,F,washington-state,900.0,900.0,3,650.5,88.0,0.7288,92.5,30.0,558.0,58.0,0.0,0,True
2020,47,2,Yam Madar,BOS,Hapoel Tel Aviv (Israel),Israel,,2000-12-21,sleeper,True,19.91,2189,Yam Madar,0,international_pro,0,medium_name_unique_gp_small_agree,,,,,,,,,,,,,,,,,,,,,,,,,,,,,,,,,,,3,0.0,0,0.0,0.0,0,0.0,0,0.0,0,False
2020,48,2,Nico Mannion,GSW,Arizona (Fr.),Italy,Arizona,2001-03-14,sleeper,True,19.682,2124,Nico Mannion,30,college,30.0,high_gp_verified,,nico-mannion-1,2020,exact,32.0,32.25,13.96875,2.5,5.28125,1.1875,0.0,2.5625,1.65625,15.406,19.109,17.326,3.101,6.55,1.473,0.0,3.178,2.054,5.419319,3.619789,1.79953,17.246352,24.482319,0.5195559947,0.1515162790697674,1032.0,G,arizona,900.0,900.0,3,191.5,30.0,0.238,191.5,30.0,0.0,0,0.0,0,True
2020,49,2,Isaiah Joe,PHI,Arkansas (So.),United States,Arkansas,1999-07-02,sleeper,True,21.383,2125,Isaiah Joe,392,college,391.0,high_gp_verified,,isaiah-joe-1,2020,exact,26.0,36.1153846154,16.8846153846,4.1153846154,1.7307692308,1.4230769231,0.2692307692,1.7307692308,3.6153846154,17.75,19.659,18.701,4.558,1.917,1.576,0.298,1.917,4.004,5.281824,4.040382,1.241442,17.472303,24.215476,0.5443610887,0.1356386368477103,939.0,G,arkansas,900.0,900.0,3,1170.5,169.0,1.2812,173.0,41.0,231.5,55.0,766.0,73.0,True
2020,50,2,Skylar Mays,ATL,LSU (Sr.),United States,LSU,1997-09-05,sleeper,True,23.203,2137,Skylar Mays,105,college,104.0,high_gp_verified,,skylar-mays-1,2020,exact,31.0,34.4193548387,16.6774193548,5.0322580645,3.2258064516,1.7741935484,0.2258064516,2.2580645161,1.6129032258,19.145,22.249,19.381,5.848,3.749,2.062,0.262,2.624,1.874,8.340113,5.83375,2.506363,23.717056,22.001321,0.6218052799,0.1903076288659794,1067.0,G,louisiana-state,900.0,900.0,3,382.0,67.0,0.4374,157.0,33.0,95.0,28.0,130.0,6.0,True
2020,51,2,Justinian Jessup,GSW,Boise State (Sr.),United States,Boise State,1998-05-23,sleeper,True,22.491,2123,Justinian Jessup,0,college,0,medium_name_unique_gp_small_agree,,justinian-jessup-1,2020,exact,32.0,35.96875,16.0,4.4375,2.09375,1.40625,0.46875,1.25,3.0625,18.562,20.643,17.793,4.935,2.328,1.564,0.521,1.39,3.406,7.204471,5.387579,1.816892,20.125214,21.115461,0.58357554,0.1806065334491746,1151.0,G,boise-state,,,3,0.0,0,0.0,0.0,0,0.0,0,0.0,0,True
2020,52,2,KJ Martin,SAC,IMG Academy (postgraduate),United States,,2001-01-06,sleeper,False,19.866,2190,KJ Martin,309,prep_postgrad,309.0,high_gp_verified,,,,,,,,,,,,,,,,,,,,,,,,,,,,,,,,,999.0,,3,2661.5,206.0,2.9689,623.0,45.0,862.0,79.0,1176.5,82.0,False
2020,53,2,Cassius Winston,OKC,Michigan State (Sr.),United States,Michigan State,1998-02-28,sleeper,True,22.721,2158,Cassius Winston,29,college,29.0,high_gp_verified,,cassius-winston-1,2020,exact,30.0,32.6666666667,18.6,2.5,5.8666666667,1.2,0.0333333333,3.2,2.4333333333,18.15,22.224,22.776,3.061,7.184,1.469,0.041,3.918,2.98,8.90247,7.01336,1.88911,22.951418,29.119252,0.5847524234,0.2044814693877551,980.0,G,michigan-state,900.0,900.0,3,59.5,29.0,0.0721,46.5,22.0,13.0,7.0,0.0,0,True
2020,54,2,Cassius Stanley,IND,Duke (Fr.),United States,Duke,1999-08-18,sleeper,True,21.254,2121,Cassius Stanley,33,college,33.0,high_gp_verified,,cassius-stanley-1,2020,exact,29.0,27.4482758621,12.5517241379,4.8620689655,1.0344827586,0.6896551724,0.724137931,1.8620689655,1.0689655172,13.672,19.925,18.291,7.085,1.508,1.005,1.055,2.714,1.558,5.436047,3.577314,1.858733,18.487822,21.946606,0.5689722548,0.1657097487437186,796.0,G,duke,900.0,900.0,3,108.5,33.0,0.1258,45.5,24.0,63.0,9.0,0.0,0,True
2020,55,2,Jay Scrubb,BRK,John A. Logan (So.),United States,John A. Logan College,2000-09-01,sleeper,True,20.214,2188,Jay Scrubb,24,college,24.0,high_gp_verified,,,,,,,,,,,,,,,,,,,,,,,,,,,,,,,,,900.0,900.0,3,110.5,24.0,0.1258,34.5,4.0,60.5,18.0,15.5,2.0,False
2020,56,2,Grant Riller,CHO,College of Charleston (Sr.),United States,College of Charleston,1997-02-08,sleeper,True,23.775,2130,Grant Riller,7,college,7.0,medium_name_unique_gp_small_agree,,grant-riller-1,2020,exact,31.0,33.5161290323,21.8709677419,5.1290322581,3.935483871,1.5806451613,0.3225806452,3.1290322581,1.5161290323,21.435,25.582,26.102,6.121,4.697,1.886,0.385,3.734,1.809,7.10524,6.037344,1.067896,30.58036,33.641038,0.6090002695,0.2251046005774783,1039.0,G,college-of-charleston,900.0,900.0,3,15.0,7.0,0.0186,15.0,7.0,0.0,0,0.0,0,True
2020,57,2,Reggie Perry,LAC,Mississippi State (So.),United States,Mississippi State,2000-03-21,sleeper,True,20.663,2149,Reggie Perry,36,college,36.0,high_gp_verified,,reggie-perry-2,2020,exact,31.0,31.064516129,17.3548387097,10.064516129,2.3225806452,0.8387096774,1.1612903226,2.9032258065,0.7419354839,22.532,29.013,22.347,12.96,2.991,1.08,1.495,3.738,0.955,8.459631,6.651322,1.808309,28.500662,28.632566,0.5871439485,0.2179406853582554,963.0,F,mississippi-state,900.0,900.0,3,266.5,36.0,0.3129,138.0,26.0,128.5,10.0,0.0,0,True
2020,58,2,Paul Reed,PHI,DePaul (Jr.),United States,DePaul,1999-06-14,sleeper,True,21.432,2128,Paul Reed,325,college,324.0,high_gp_verified,,paul-reed-5,2020,exact,29.0,31.6551724138,15.1379310345,10.6896551724,1.6206896552,1.8620689655,2.5517241379,2.275862069,0.5517241379,26.707,33.747,19.129,13.508,2.048,2.353,3.224,2.876,0.697,9.156264,4.938063,4.218201,27.511103,23.996769,0.5613810742,0.1941725925925926,918.0,F,depaul,900.0,900.0,3,996.0,133.0,1.0931,150.0,26.0,255.0,38.0,591.0,69.0,True
2020,59,2,Jalen Harris,TOR,Nevada (Jr.),United States,Nevada,1998-08-14,sleeper,True,22.264,2148,Jalen Harris,13,college,13.0,high_gp_verified,,jalen-harris-2,2020,exact,30.0,33.0333333333,21.6666666667,6.4666666667,3.9333333333,1.1333333333,0.1333333333,2.4,2.2333333333,22.483,27.225,26.236,7.83,4.763,1.372,0.161,2.906,2.704,7.577927,6.666754,0.911173,26.378949,32.71725,0.5604414554,0.202081614530777,991.0,G,nevada,900.0,900.0,3,93.5,13.0,0.1162,93.5,13.0,0.0,0,0.0,0,True
2020,60,2,Sam Merrill,NOP,Utah State (Sr.),United States,Utah State University,1996-05-15,sleeper,True,24.512,2139,Sam Merrill,225,college,225.0,high_gp_verified,,sam-merrill-1,2020,exact,32.0,34.96875,19.65625,4.125,3.90625,0.875,0.09375,1.5625,2.78125,19.625,22.449,22.484,4.718,4.468,1.001,0.107,1.787,3.181,9.915717,7.552937,2.36278,25.018382,24.879304,0.6254972156,0.2551096336014298,1119.0,G,utah-state,900.0,900.0,3,176.0,41.0,0.2084,114.0,30.0,25.0,6.0,37.0,5.0,True
2021,1,1,Cade Cunningham,DET,Oklahoma State (Fr.),United States,Oklahoma State,2001-09-25,sleeper,True,19.841,2267,Cade Cunningham,272,college,272.0,high_gp_verified,,cade-cunningham-1,2021,exact,27.0,35.4074074074,20.1481481481,6.1851851852,3.4814814815,1.5925925926,0.7777777778,4.037037037,2.2962962963,21.593,24.393,22.762,6.987,3.933,1.799,0.879,4.561,2.594,8.284049,5.123751,3.160298,21.638395,29.132112,0.5737186248,0.1656307531380753,956.0,G,oklahoma-state,13.0,13.0,3,3062.0,138.0,3.2745,1336.0,64.0,276.0,12.0,1450.0,62.0,True
2021,2,1,Jalen Green,HOU,NBA G League Ignite (NBA G League),United States,,2002-02-09,sleeper,True,19.466,2309,Jalen Green,339,g_league_ignite,338.0,high_gp_verified,,,,,,,,,,,,,,,,,,,,,,,,,,,,,,,,,35.0,35.0,3,4103.5,224.0,4.3636,1048.0,67.0,1450.0,76.0,1605.5,81.0,False
2021,3,1,Evan Mobley,CLE,USC (Fr.),United States,USC,2001-06-18,sleeper,True,20.112,2259,Evan Mobley,334,college,333.0,high_gp_verified,,evan-mobley-1,2021,exact,33.0,33.9393939394,16.3636363636,8.6666666667,2.3939393939,0.7878787879,2.8787878788,2.2424242424,0.3636363636,24.515,28.893,19.286,10.214,2.821,0.929,3.393,2.643,0.429,13.729586,7.889751,5.839835,29.122591,22.839936,0.624024961,0.2476674285714286,1120.0,F,southern-california,25.0,25.0,3,4510.5,197.0,4.8203,1504.5,69.0,1824.5,79.0,1181.5,49.0,True
2021,4,1,Scottie Barnes,TOR,Florida State (Fr.),United States,Florida State,2001-08-01,sleeper,True,19.992,2289,Scottie Barnes,356,college,356.0,high_gp_verified,,scottie-barnes-1,2021,exact,24.0,24.7916666667,10.3333333333,4.0,4.0833333333,1.4583333333,0.4583333333,2.4583333333,0.4583333333,14.854,23.966,16.672,6.454,6.588,2.353,0.739,3.966,0.739,7.922527,4.337003,3.585524,21.41185,23.684113,0.5478241661,0.1638328739495798,595.0,G,florida-state,102.0,102.0,3,4894.0,211.0,5.22,1552.0,74.0,1643.0,77.0,1699.0,60.0,True
2021,5,1,Jalen Suggs,ORL,Gonzaga (Fr.),United States,Gonzaga,2001-06-03,sleeper,True,20.153,2305,Jalen Suggs,268,college,267.0,high_gp_verified,,jalen-suggs-1,2021,exact,30.0,28.9333333333,14.3666666667,5.3333333333,4.5333333333,1.9,0.3333333333,2.9333333333,1.1666666667,19.167,26.498,19.862,7.373,6.267,2.627,0.461,4.055,1.613,9.372192,4.779584,4.592608,22.612097,24.829632,0.5950572967,0.2097932258064516,868.0,G,gonzaga,39.0,39.0,3,2532.0,175.0,2.6922,698.0,48.0,699.0,53.0,1135.0,74.0,True
2021,6,1,Josh Giddey,OKC,Adelaide 36ers (Australia),Australia,,2002-10-10,sleeper,True,18.801,2313,Josh Giddey,334,international_pro,333.0,high_gp_verified,,,,,,,,,,,,,,,,,,,,,,,,,,,,,,,,,135.0,135.0,3,4325.5,209.0,4.6046,1130.0,54.0,1737.0,76.0,1458.5,79.0,False
2021,7,1,Jonathan Kuminga,GSW,NBA G League Ignite (NBA G League),DR Congo,,2002-10-06,sleeper,True,18.812,2306,Jonathan Kuminga,294,g_league_ignite,293.0,high_gp_verified,,,,,,,,,,,,,,,,,,,,,,,,,,,,,,,,,90.0,90.0,3,2613.5,210.0,2.7769,675.0,70.0,758.0,67.0,1180.5,73.0,False
2021,8,1,Franz Wagner,ORL,Michigan (So.),Germany,Michigan,2001-08-27,sleeper,True,19.921,2304,Franz Wagner,325,college,324.0,high_gp_verified,,franz-wagner-1,2021,exact,28.0,31.6785714286,12.4642857143,6.5357142857,3.0,1.25,1.0357142857,1.2857142857,1.25,19.679,24.848,15.738,8.253,3.788,1.578,1.308,1.623,1.578,11.925604,5.830112,6.095492,22.085718,19.736,0.5865053357,0.2104079819616685,887.0,G,michigan,134.0,134.0,3,4218.5,230.0,4.4992,1324.5,79.0,1442.5,80.0,1451.5,71.0,True
2021,9,1,Davion Mitchell,SAC,Baylor (Jr.),United States,Baylor,1998-09-05,sleeper,True,22.897,2301,Davion Mitchell,371,college,370.0,high_gp_verified,,davion-mitchell-1,2021,exact,30.0,33.0333333333,14.0,2.6666666667,5.5,1.9,0.3666666667,2.4333333333,2.1,18.317,22.18,16.953,3.229,6.66,2.301,0.444,2.947,2.543,10.090518,6.358426,3.732092,21.848789,20.314162,0.6187389511,0.2147971342078708,991.0,G,baylor,178.0,178.0,3,2052.5,226.0,2.2084,1011.0,75.0,606.5,80.0,435.0,71.0,True
2021,10,1,Ziaire Williams,NOP,Stanford (Fr.),United States,Stanford,2001-09-12,sleeper,True,19.877,2280,Ziaire Williams,269,college,269.0,high_gp_verified,,ziaire-williams-1,2021,exact,20.0,27.9,10.7,4.55,2.2,0.85,0.55,2.9,1.15,12.575,18.029,15.341,6.523,3.154,1.219,0.789,4.158,1.649,0.349508,-1.157552,1.50706,11.16102,26.469175,0.4728759253,0.045759211469534,558.0,F,stanford,225.0,225.0,3,1295.0,150.0,1.3852,537.5,62.0,236.5,37.0,521.0,51.0,True
2021,11,1,James Bouknight,CHO,UConn (So.),United States,UConn,2000-09-18,sleeper,True,20.86,2273,James Bouknight,79,college,79.0,high_gp_verified,,james-bouknight-1,2021,exact,15.0,31.6666666667,18.7333333333,5.6666666667,1.8,1.1333333333,0.2666666667,2.8,1.4666666667,17.567,22.189,23.663,7.158,2.274,1.432,0.337,3.537,1.853,8.568888,6.089956,2.478932,23.260524,31.567623,0.545684047,0.1786979368421052,475.0,G,connecticut,180.0,180.0,3,446.0,79.0,0.4782,160.5,31.0,235.0,34.0,50.5,14.0,True
2021,12,1,Joshua Primo,SAS,Alabama (Fr.),Canada,Alabama,2002-12-24,sleeper,True,18.595,2287,Joshua Primo,56,college,56.0,high_gp_verified,,joshua-primo-1,2021,exact,30.0,22.4666666667,8.1333333333,3.3666666667,0.8333333333,0.5666666667,0.3,1.3666666667,1.4333333333,9.35,16.647,14.481,5.994,1.484,1.009,0.534,2.433,2.552,3.71866,1.624549,2.094111,13.227434,17.574325,0.5650764243,0.1254110979228486,674.0,G,alabama,231.0,231.0,3,433.5,56.0,0.4752,392.0,50.0,41.5,4.0,0.0,2.0,True
2021,13,1,Chris Duarte,IND,Oregon (Sr.),Dominican Republic,Oregon,1997-06-13,sleeper,True,24.126,2261,Chris Duarte,177,college,176.0,high_gp_verified,,chris-duarte-1,2021,exact,26.0,34.0769230769,17.1153846154,4.6153846154,2.6538461538,1.8846153846,0.8076923077,2.2692307692,2.3461538462,20.115,23.612,20.09,5.418,3.115,2.212,0.948,2.664,2.754,11.540499,7.995968,3.544531,26.628405,23.931746,0.6572631268,0.2109293002257336,886.0,G,oregon,242.0,242.0,3,1536.5,159.0,1.6544,789.0,55.0,414.5,46.0,333.0,58.0,True
2021,14,1,Moses Moody,GSW,Arkansas (Fr.),United States,Arkansas,2002-05-31,sleeper,True,19.162,2262,Moses Moody,315,college,314.0,high_gp_verified,,moses-moody-1,2021,exact,32.0,33.8125,16.84375,5.75,1.59375,1.03125,0.65625,1.625,1.8125,18.422,21.793,19.926,6.802,1.885,1.22,0.776,1.922,2.144,7.419881,5.158818,2.261063,20.424182,22.288633,0.5681458838,0.1926100184842883,1082.0,G,arkansas,160.0,160.0,3,1250.0,180.0,1.3245,262.0,52.0,351.5,63.0,636.5,65.0,True
2021,15,1,Corey Kispert,WAS,Gonzaga (Sr.),United States,Gonzaga,1999-03-03,sleeper,True,22.407,2266,Corey Kispert,350,college,349.0,high_gp_verified,,corey-kispert-1,2021,exact,32.0,31.84375,18.59375,4.96875,1.8125,0.90625,0.4375,1.3125,2.84375,18.875,23.71,23.356,6.241,2.277,1.138,0.55,1.649,3.572,11.107354,9.131813,1.975541,25.382497,22.719562,0.6737628808,0.2511431599607458,1019.0,F,gonzaga,228.0,228.0,3,2561.5,230.0,2.7269,733.0,77.0,816.5,74.0,1012.0,79.0,True
2021,16,1,Alperen Şengün,OKC,Beşiktaş (Turkey),Turkey,,2002-07-25,sleeper,True,19.012,2308,Alperen Şengün,358,international_pro,358.0,high_gp_verified,,,,,,,,,,,,,,,,,,,,,,,,,,,,,,,,,124.0,124.0,3,4394.5,210.0,4.6709,1055.5,72.0,1649.0,75.0,1690.0,63.0,False
2021,17,1,Trey Murphy III,MEM,Virginia (Jr.),United States,Virginia,2000-06-18,sleeper,True,21.112,2285,Trey Murphy,317,college,316.0,high_gp_verified,,trey-murphyiii-1,2021,exact,25.0,29.56,11.28,3.4,1.2,0.8,0.44,0.76,2.08,13.0,17.591,15.264,4.601,1.624,1.083,0.595,1.028,2.815,8.380711,5.949986,2.430725,20.926274,18.446245,0.6699132914,0.1887342354533153,739.0,G,virginia,311.0,311.0,3,2725.0,197.0,2.8878,431.5,62.0,1274.0,79.0,1019.5,56.0,True
2021,18,1,Tre Mann,OKC,Florida (So.),United States,Florida,2001-02-03,sleeper,True,20.482,2297,Tre Mann,234,college,233.0,high_gp_verified,,tre-mann-1,2021,exact,24.0,32.375,16.0416666667,5.625,3.4583333333,1.375,0.125,2.8333333333,1.875,18.208,22.497,19.82,6.95,4.273,1.699,0.154,3.501,2.317,6.996934,4.974659,2.022275,21.138732,25.775996,0.5793394026,0.1719162419562419,777.0,G,florida,267.0,267.0,3,1852.0,167.0,1.9803,674.5,60.0,621.0,67.0,556.5,40.0,True
2021,19,1,Kai Jones,NYK,Texas (So.),Bahamas,Texas,2001-01-19,sleeper,True,20.523,2271,Kai Jones,107,college,107.0,high_gp_verified,,kai-jones-1,2021,exact,26.0,22.8461538462,8.8461538462,4.8461538462,0.6153846154,0.8461538462,0.9230769231,1.3846153846,0.5,12.288,21.515,15.488,8.485,1.077,1.481,1.616,2.424,0.875,7.48185,4.02987,3.45198,20.678295,18.035153,0.6455234353,0.1825202693602694,594.0,F,texas,230.0,230.0,3,311.0,67.0,0.3306,26.5,21.0,284.5,46.0,0.0,0,True
2021,20,1,Jalen Johnson,ATL,Duke (Fr.),United States,Duke,2001-12-18,sleeper,True,19.611,2284,Jalen Johnson,256,college,256.0,high_gp_verified,,jalen-johnson-24,2021,exact,13.0,21.3846153846,11.2307692308,6.0769230769,2.2307692308,1.1538461538,1.2307692308,2.5384615385,0.6153846154,16.462,30.791,21.007,11.367,4.173,2.158,2.302,4.748,1.151,8.542861,4.331111,4.21175,25.774686,28.633212,0.5745769382,0.1619010071942446,278.0,F,duke,170.0,170.0,3,2069.5,148.0,2.1733,61.5,22.0,683.5,70.0,1324.5,56.0,False
2021,21,1,Keon Johnson,NYK,Tennessee (Fr.),United States,Tennessee,2002-03-10,sleeper,True,19.387,2293,Keon Johnson,161,college,160.0,high_gp_verified,,keon-johnson-2,2021,exact,27.0,25.4814814815,11.3333333333,3.5185185185,2.4814814815,1.1111111111,0.4444444444,2.6296296296,0.4814814815,12.389,19.448,17.791,5.523,3.895,1.744,0.698,4.128,0.756,4.097532,0.971372,3.12616,16.305501,26.781453,0.5186880244,0.1239647093023256,688.0,G,tennessee,217.0,217.0,3,592.0,81.0,0.6406,341.5,37.0,222.5,40.0,28.0,4.0,True
2021,22,1,Isaiah Jackson,LAL,Kentucky (Fr.),United States,Kentucky,2002-01-10,sleeper,True,19.548,2260,Isaiah Jackson,219,college,219.0,high_gp_verified,,isaiah-jackson-3,2021,exact,25.0,20.76,8.44,6.6,0.72,0.76,2.6,1.52,0.0,16.74,32.254,16.262,12.717,1.387,1.464,5.01,2.929,0.0,8.324034,2.285192,6.038842,25.337139,20.503074,0.5869262865,0.1867207707129094,519.0,F,kentucky,209.0,209.0,3,1811.0,159.0,1.9256,425.0,36.0,757.5,63.0,628.5,60.0,True
2021,23,1,Usman Garuba,HOU,Real Madrid (Spain),Spain,,2002-03-09,sleeper,True,19.389,2307,Usman Garuba,105,international_pro,104.0,high_gp_verified,,,,,,,,,,,,,,,,,,,,,,,,,,,,,,,,,229.0,229.0,3,762.0,104.0,0.8139,164.5,24.0,590.5,75.0,7.0,5.0,False
2021,24,1,Josh Christopher,HOU,Arizona State (Fr.),United States,Arizona State,2001-12-08,sleeper,True,19.639,2282,Josh Christopher,152,college,152.0,high_gp_verified,,josh-christopher-1,2021,exact,15.0,29.7333333333,14.2666666667,4.7333333333,1.4,1.4666666667,0.5333333333,1.7333333333,1.2,16.133,21.704,19.193,6.368,1.883,1.973,0.717,2.332,1.614,4.203102,2.435149,1.767953,17.812019,25.468643,0.5293753865,0.0985858295964125,446.0,G,arizona-state,888.0,888.0,3,1084.0,138.0,1.177,703.5,74.0,380.5,64.0,0.0,0,True
2021,25,1,Quentin Grimes,LAC,Houston (Jr.),United States,Houston,2000-05-08,sleeper,True,21.224,2258,Quentin Grimes,318,college,318.0,high_gp_verified,,quentin-grimes-1,2021,exact,30.0,32.8,17.8333333333,5.7,1.9666666667,1.4,0.3,1.8333333333,3.3333333333,19.817,24.167,21.748,6.951,2.398,1.707,0.366,2.236,4.065,10.769786,7.916939,2.852847,23.530666,26.909598,0.5576692552,0.2498815447154471,984.0,G,houston,318.0,318.0,3,1747.5,168.0,1.8591,369.5,46.0,934.0,71.0,444.0,51.0,True
2021,26,1,Bones Hyland,DEN,VCU (So.),United States,VCU,2000-09-14,sleeper,True,20.871,2303,Bones Hyland,257,college,257.0,high_gp_verified,,nahshon-hyland-1,2021,exact,24.0,31.9166666667,19.4583333333,4.7083333333,2.0833333333,1.875,0.1666666667,3.0833333333,2.875,18.958,23.76,24.386,5.901,2.611,2.35,0.209,3.864,3.603,8.188118,5.473899,2.714219,23.735352,31.778552,0.5960053602,0.200524908616188,766.0,G,virginia-commonwealth,888.0,888.0,3,1849.5,162.0,1.9878,826.5,69.0,710.0,56.0,313.0,37.0,True
2021,27,1,Cam Thomas,BRK,LSU (Fr.),United States,LSU,2001-10-13,sleeper,True,19.792,2278,Cam Thomas,257,college,256.0,high_gp_verified,,cameron-thomas-1,2021,last+initial,29.0,34.0,23.0344827586,3.3793103448,1.4482758621,0.8620689655,0.2068965517,1.6896551724,2.3448275862,17.966,21.136,27.099,3.976,1.704,1.014,0.243,1.988,2.759,6.250216,7.065483,-0.815267,24.079694,31.567029,0.5525227461,0.1832382961460446,986.0,G,louisiana-state,888.0,888.0,3,2270.5,189.0,2.4093,578.5,67.0,495.5,57.0,1196.5,65.0,True
2021,28,1,Jaden Springer,PHI,Tennessee (Fr.),United States,Tennessee,2002-09-25,sleeper,True,18.842,2264,Jaden Springer,110,college,109.0,high_gp_verified,,jaden-springer-1,2021,exact,25.0,25.92,12.52,3.52,2.92,1.2,0.44,2.4,0.8,13.98,21.574,19.321,5.432,4.506,1.852,0.679,3.704,1.235,6.912146,3.579686,3.33246,20.945886,25.989162,0.5701275046,0.1801457407407407,648.0,G,tennessee,227.0,227.0,3,334.5,66.0,0.3503,6.0,2.0,63.0,16.0,265.5,48.0,True
2021,29,1,Day'Ron Sharpe,PHO,North Carolina (Fr.),United States,UNC,2001-11-06,sleeper,True,19.726,2275,Day'Ron Sharpe,253,college,253.0,high_gp_verified,,dayron-sharpe-1,2021,exact,29.0,19.1724137931,9.4827586207,7.5517241379,1.4482758621,0.7931034483,0.8965517241,1.9655172414,0.0,15.155,31.619,19.784,15.755,3.022,1.655,1.871,4.101,0.0,7.465363,4.280374,3.184989,25.459793,26.308638,0.5208826593,0.1685959712230216,556.0,F,north-carolina,325.0,325.0,3,1470.0,141.0,1.5573,303.0,32.0,409.5,48.0,757.5,61.0,True
2021,30,1,Santi Aldama,UTA,Loyola (MD) (So.),Spain,Loyola (MD),2001-01-10,sleeper,True,20.548,2281,Santi Aldama,278,college,278.0,high_gp_verified,,santi-aldama-1,2021,exact,17.0,35.0,21.2352941176,10.1176470588,2.2941176471,1.0,1.7058823529,3.2352941176,1.8823529412,26.147,29.882,24.269,11.563,2.622,1.143,1.95,3.697,2.151,7.728816,6.214498,1.514318,28.594997,30.505089,0.5940431134,0.2084039663865546,595.0,F,loyola-md,888.0,888.0,3,2190.0,170.0,2.3119,199.0,32.0,993.0,77.0,998.0,61.0,True
2021,31,2,Isaiah Todd,MIL,NBA G League Ignite (NBA G League),United States,,2001-10-17,sleeper,True,19.781,2312,Isaiah Todd,18,g_league_ignite,18.0,high_gp_verified,,,,,,,,,,,,,,,,,,,,,,,,,,,,,,,,,888.0,888.0,3,57.0,18.0,0.0618,36.0,12.0,21.0,6.0,0.0,0,False
2021,32,2,Jeremiah Robinson-Earl,NYK,Villanova (So.),United States,Villanova,2000-11-03,sleeper,True,20.734,2298,Jeremiah Robinson-Earl,219,college,218.0,high_gp_verified,,jeremiah-robinson-earl-1,2021,exact,25.0,34.48,15.72,8.48,2.2,0.96,0.64,1.6,0.92,20.6,23.898,18.237,9.838,2.552,1.114,0.742,1.856,1.067,7.609778,5.54812,2.061658,23.432968,24.314907,0.558397272,0.1886103480278422,862.0,F,villanova,888.0,888.0,3,1208.5,130.0,1.3015,591.0,49.0,443.5,43.0,174.0,38.0,True
2021,33,2,Jason Preston,ORL,Ohio (Jr.),United States,Ohio University,1999-08-10,sleeper,True,21.969,2294,Jason Preston,21,college,21.0,high_gp_verified,,jason-preston-1,2021,exact,20.0,34.55,15.7,7.25,7.25,1.45,0.25,3.0,1.6,23.55,27.265,18.177,8.394,8.394,1.679,0.289,3.473,1.852,7.237771,5.400419,1.837352,24.073622,23.445095,0.5829388286,0.18561499276411,691.0,G,ohio,,,3,111.0,21.0,0.1169,0.0,0,68.0,14.0,43.0,7.0,True
2021,34,2,Rokas Jokubaitis,OKC,Žalgiris Kaunas (Lithuania),Lithuania,,2000-11-19,sleeper,True,20.69,2314,Rokas Jokubaitis,0,international_pro,0,medium_name_unique_gp_small_agree,,,,,,,,,,,,,,,,,,,,,,,,,,,,,,,,,,,3,0.0,0,0.0,0.0,0,0.0,0,0.0,0,False
2021,35,2,Herbert Jones,NOP,Alabama (Sr.),United States,Alabama,1998-10-06,sleeper,True,22.812,2286,Herbert Jones,296,college,295.0,high_gp_verified,,herb-jones-3,2021,last+initial,33.0,27.2727272727,11.2121212121,6.5757575758,3.2727272727,1.7272727273,1.1212121212,2.8181818182,0.6060606061,18.636,27.333,16.444,9.644,4.8,2.533,1.644,4.133,0.889,8.674649,3.371695,5.302954,20.598812,22.709375,0.5281564485,0.1721902222222222,900.0,F,alabama,888.0,888.0,3,3280.5,219.0,3.5028,1141.5,78.0,981.5,66.0,1157.5,75.0,True
2021,36,2,Miles McBride,OKC,West Virginia (So.),United States,West Virginia,2000-09-08,sleeper,True,20.887,2256,Miles McBride,277,college,276.0,high_gp_verified,,miles-mcbride-1,2021,exact,29.0,34.1724137931,15.8620689655,3.8965517241,4.8275862069,1.8965517241,0.3103448276,1.8275862069,1.5862068966,20.034,23.451,18.567,4.561,5.651,2.22,0.363,2.139,1.857,9.513042,6.502041,3.011001,22.787881,22.87734,0.5444753507,0.1891331987891019,991.0,G,west-virginia,316.0,316.0,3,1115.5,171.0,1.1782,165.0,40.0,322.0,64.0,628.5,67.0,True
2021,37,2,JT Thor,DET,Auburn (Fr.),United States,Auburn,2002-08-26,sleeper,True,18.924,2272,JT Thor,185,college,184.0,high_gp_verified,,jt-thor-1,2021,exact,27.0,23.037037037,9.3703703704,5.037037037,0.8518518519,0.8148148148,1.3703703704,1.5555555556,0.8148148148,13.796,23.955,16.27,8.746,1.479,1.415,2.379,2.701,1.415,4.674587,2.449801,2.224786,18.250537,20.422484,0.5467314965,0.1271216077170418,622.0,F,auburn,324.0,324.0,3,838.5,164.0,0.8884,131.0,33.0,388.5,69.0,319.0,62.0,True
2021,38,2,Ayo Dosunmu,CHI,Illinois (Jr.),United States,Illinois,2000-01-17,sleeper,True,21.53,2255,Ayo Dosunmu,348,college,348.0,high_gp_verified,,ayo-dosunmu-1,2021,exact,28.0,35.1428571429,20.1428571429,6.3214285714,5.25,1.1071428571,0.2142857143,3.3214285714,1.1428571429,21.536,24.512,22.927,7.195,5.976,1.26,0.244,3.78,1.301,9.479172,6.391003,3.088169,23.959165,29.54698,0.566350354,0.2074032520325203,984.0,G,illinois,315.0,315.0,3,2886.0,233.0,3.0769,916.5,77.0,880.0,80.0,1089.5,76.0,True
2021,39,2,Neemias Queta,SAC,Utah State (Jr.),Portugal,Utah State University,1999-07-13,sleeper,True,22.045,2302,Neemias Queta,186,college,185.0,high_gp_verified,,neemias-queta-1,2021,exact,29.0,30.0344827586,14.9310344828,10.1379310345,2.6551724138,1.0689655172,3.3448275862,2.3793103448,0.0,26.707,35.568,19.885,13.502,3.536,1.424,4.455,3.169,0.0,12.153436,5.206575,6.946861,30.492428,24.303068,0.5923392613,0.2650470264064294,871.0,C,utah-state,888.0,888.0,3,346.0,47.0,0.3654,73.5,15.0,21.0,5.0,251.5,27.0,True
2021,40,2,Jared Butler,NOP,Baylor (Jr.),United States,Baylor,2000-08-25,sleeper,True,20.925,2295,Jared Butler,148,college,147.0,high_gp_verified,,jared-butler-1,2021,exact,30.0,30.3333333333,16.7333333333,3.3,4.8,1.9666666667,0.3666666667,2.8333333333,2.5666666667,19.583,25.824,22.066,4.352,6.33,2.593,0.484,3.736,3.385,11.710542,7.598775,4.111767,25.018543,27.048108,0.5987238356,0.2385056703296703,910.0,G,baylor,888.0,888.0,3,592.0,87.0,0.6309,223.5,42.0,39.0,6.0,329.5,39.0,True
2021,41,2,Joe Wieskamp,SAS,Iowa (Jr.),United States,Iowa,1999-08-23,sleeper,True,21.933,2288,Joe Wieskamp,38,college,38.0,high_gp_verified,,joe-wieskamp-1,2021,exact,31.0,29.2580645161,14.8387096774,6.6451612903,1.7096774194,0.935483871,0.3225806452,1.3870967742,2.3548387097,18.081,24.719,20.287,9.085,2.337,1.279,0.441,1.896,3.219,9.315527,7.448111,1.867416,22.709492,22.400633,0.6156316916,0.181393605292172,907.0,G,iowa,888.0,888.0,3,88.5,38.0,0.0969,76.5,29.0,12.0,9.0,0.0,0,True
2021,42,2,Isaiah Livers,DET,Michigan (Sr.),United States,Michigan,1998-07-28,sleeper,True,23.003,2270,Isaiah Livers,130,college,130.0,high_gp_verified,,isaiah-livers-1,2021,exact,23.0,31.6086956522,13.0869565217,6.0,2.0,0.5652173913,0.7391304348,1.1304347826,2.1739130435,17.109,21.651,16.561,7.593,2.531,0.715,0.935,1.431,2.751,10.36453,6.724702,3.639828,20.529349,19.828943,0.6052684496,0.1963543878954608,727.0,F,michigan,323.0,323.0,3,822.0,94.0,0.8755,182.0,19.0,475.0,52.0,165.0,23.0,True
2021,43,2,Greg Brown III,NOP,Texas (Fr.),United States,Texas,2001-09-01,sleeper,True,19.907,2300,Greg Brown,70,college,70.0,high_gp_verified,,greg-brown-9,2021,exact,26.0,20.5769230769,9.3461538462,6.1923076923,0.3846153846,0.5769230769,1.0,2.3076923077,1.1538461538,12.673,24.636,18.168,12.037,0.748,1.121,1.944,4.486,2.243,2.512517,-0.188241,2.700758,15.965895,26.85461,0.5347711268,0.1132996635514018,535.0,F,texas,888.0,888.0,3,427.5,70.0,0.4669,354.0,48.0,48.5,16.0,25.0,6.0,True
2021,44,2,Kessler Edwards,BRK,Pepperdine (Jr.),United States,Pepperdine,2000-08-09,sleeper,True,20.969,2277,Kessler Edwards,178,college,177.0,high_gp_verified,,kessler-edwards-1,2021,exact,27.0,33.9259259259,17.2222222222,6.8148148148,1.2222222222,0.962962963,1.2222222222,1.8148148148,1.6666666667,20.037,23.624,20.306,8.035,1.441,1.135,1.441,2.14,1.965,5.560712,4.511237,1.049475,21.814118,23.577909,0.6056659069,0.1691863755458515,916.0,F,pepperdine,327.0,327.0,3,750.0,137.0,0.8101,438.0,48.0,173.5,36.0,138.5,53.0,True
2021,45,2,Juhann Begarin,BOS,Paris Basketball (France),France,,2002-08-07,sleeper,True,18.976,2310,Juhann Begarin,0,international_pro,0,medium_name_unique_gp_small_agree,,,,,,,,,,,,,,,,,,,,,,,,,,,,,,,,,,,3,0.0,0,0.0,0.0,0,0.0,0,0.0,0,False
2021,46,2,Dalano Banton,TOR,Nebraska (So.),Canada,Nebraska,1999-11-07,sleeper,True,21.725,2290,Dalano Banton,222,college,221.0,high_gp_verified,,dalano-banton-1,2021,exact,27.0,27.2592592593,9.5555555556,5.8888888889,3.8888888889,0.962962963,0.9259259259,2.4814814815,0.7407407407,16.222,23.804,14.022,8.641,5.707,1.413,1.359,3.641,1.087,4.652774,1.642372,3.010402,16.07598,21.757422,0.4946319018,0.0926563043478261,736.0,G,nebraska,888.0,888.0,3,1183.0,148.0,1.2576,359.0,64.0,197.5,31.0,626.5,53.0,True
2021,47,2,David Johnson,TOR,Louisville (So.),United States,Louisville,2001-02-26,sleeper,True,20.419,2291,David Johnson,2,college,2.0,medium_name_unique_gp_small_agree,,david-johnson-13,2021,exact,19.0,35.1052631579,12.6315789474,5.7894736842,3.1578947368,1.0526315789,0.2631578947,3.2105263158,1.6842105263,15.526,17.691,14.393,6.597,3.598,1.199,0.3,3.658,1.919,3.055842,1.119351,1.936491,13.421737,23.284428,0.5042016807,0.0827565217391304,667.0,G,louisville,314.0,314.0,3,0.0,2.0,0.0,0.0,2.0,0.0,0,0.0,0,True
2021,48,2,Sharife Cooper,ATL,Auburn (Fr.),United States,Auburn,2001-06-11,sleeper,True,20.131,2283,Sharife Cooper,54,college,54.0,high_gp_verified,,sharife-cooper-1,2021,exact,12.0,33.0833333333,20.1666666667,4.25,8.0833333333,1.0,0.25,4.1666666667,1.0833333333,21.292,25.743,24.383,5.139,9.773,1.209,0.302,5.038,1.31,4.290143,4.662121,-0.371978,22.909867,33.114711,0.5194805195,0.1743471032745592,397.0,G,auburn,205.0,205.0,3,9.0,13.0,0.0099,9.0,13.0,0.0,0,0.0,0,True
2021,49,2,Marcus Zegarowski,BRK,Creighton (Jr.),United States,Creighton,1998-08-03,sleeper,True,22.987,2279,Marcus Zegarowski,0,college,0,medium_name_unique_gp_small_agree,,marcus-zegarowski-1,2021,exact,29.0,33.5862068966,15.8275862069,3.6206896552,4.3103448276,1.275862069,0.0689655172,2.1379310345,2.7586206897,17.776,21.17,18.85,4.312,5.133,1.52,0.082,2.546,3.285,8.093698,5.821556,2.272142,20.901015,23.461906,0.6003924133,0.1775029158110883,974.0,G,creighton,,,3,0.0,0,0.0,0.0,0,0.0,0,0.0,0,True
2021,50,2,Filip Petrušev,PHI,Mega Basket (Serbia),Serbia,Gonzaga,2000-04-15,sleeper,True,21.287,2263,Filip Petrušev,3,college,3.0,medium_name_unique_gp_small_agree,,filip-petrusev-1,2020,exact,33.0,25.9393939394,17.4545454545,7.9393939394,1.4545454545,0.6060606061,0.7878787879,2.0909090909,0.0606060606,18.848,29.065,26.916,12.243,2.243,0.935,1.215,3.224,0.093,6.828268,5.878155,0.950113,30.457819,30.874079,0.5937532213,0.2578280373831776,856.0,F,gonzaga,,,3,2.5,3.0,0.0026,0.0,0,0.0,0,2.5,3.0,False
2021,51,2,Brandon Boston Jr.,MEM,Kentucky (Fr.),United States,Kentucky,2001-11-28,sleeper,True,19.666,2292,Brandon Boston,147,college,146.0,high_gp_verified,,brandon-bostonjr-1,2021,exact,25.0,30.36,11.48,4.48,1.6,1.32,0.16,1.44,1.2,13.94,18.366,15.125,5.903,2.108,1.739,0.211,1.897,1.581,3.088595,0.974674,2.113921,13.267449,22.977487,0.4472146474,0.0866743610013175,759.0,G,kentucky,312.0,312.0,3,689.0,104.0,0.7436,397.5,51.0,137.5,22.0,154.0,31.0,True
2021,52,2,Luka Garza,DET,Iowa (Sr.),United States,Iowa,1998-12-27,sleeper,True,22.587,2268,Luka Garza,193,college,192.0,high_gp_verified,,luka-garza-1,2021,exact,31.0,31.4516129032,24.0967741935,8.7419354839,1.7419354839,0.6774193548,1.6129032258,1.5161290323,1.4193548387,26.306,33.456,30.646,11.118,2.215,0.862,2.051,1.928,1.805,13.730228,11.909219,1.821009,35.571697,32.489241,0.6198912908,0.2822883692307692,975.0,F,iowa,321.0,321.0,3,505.0,84.0,0.5432,237.0,32.0,178.5,28.0,89.5,24.0,True
2021,53,2,Charles Bassey,PHI,Western Kentucky (Jr.),Nigeria,Western Kentucky,2000-10-28,sleeper,True,20.75,2265,Charles Bassey,126,college,126.0,high_gp_verified,,charles-bassey-1,2021,exact,28.0,30.3928571429,17.6428571429,11.6071428571,0.6785714286,0.3928571429,3.1071428571,2.2142857143,0.6428571429,26.214,34.501,23.22,15.276,0.893,0.517,4.089,2.914,0.846,9.06096,6.477311,2.583649,32.697345,26.407835,0.6430617027,0.2537245593419506,851.0,C,western-kentucky,320.0,320.0,3,714.0,77.0,0.7596,144.5,23.0,402.0,35.0,167.5,19.0,True
2021,54,2,Sandro Mamukelashvili,IND,Seton Hall (Sr.),Georgia,Seton Hall,1999-05-23,sleeper,True,22.185,2296,Sandro Mamukelashvili,271,college,270.0,high_gp_verified,,sandro-mamukelashvili-1,2021,exact,27.0,35.5925925926,17.5185185185,7.5555555556,3.2222222222,1.0740740741,0.5555555556,3.2962962963,1.5555555556,20.278,22.789,19.688,8.491,3.621,1.207,0.624,3.704,1.748,6.165932,4.932493,1.233439,20.241659,28.797062,0.5253512523,0.1271042247658689,961.0,F,seton-hall,888.0,888.0,3,944.5,129.0,1.0044,218.0,41.0,416.5,43.0,310.0,45.0,True
2021,55,2,Aaron Wiggins,OKC,Maryland (Jr.),United States,Maryland,1999-01-02,sleeper,True,22.571,2299,Aaron Wiggins,339,college,338.0,high_gp_verified,,aaron-wiggins-1,2021,exact,31.0,33.0,14.4516129032,5.8387096774,2.5483870968,1.1290322581,0.5483870968,1.9677419355,1.8387096774,17.919,21.72,17.517,7.077,3.089,1.369,0.665,2.385,2.229,6.992853,4.883346,2.109507,19.910493,25.41492,0.5496595301,0.1446245943304008,1023.0,G,maryland,888.0,888.0,3,1771.5,197.0,1.8866,505.0,50.0,611.5,70.0,655.0,77.0,True
2021,56,2,Scottie Lewis,CHO,Florida (So.),United States,Florida,2000-03-12,sleeper,True,21.38,2274,Scottie Lewis,2,college,2.0,medium_name_unique_gp_small_agree,,scottie-lewis-1,2021,exact,21.0,25.619047619,7.8571428571,3.0952380952,1.4761904762,1.5714285714,1.0476190476,1.8571428571,0.6666666667,12.214,19.071,12.268,4.833,2.305,2.454,1.636,2.9,1.041,5.768543,1.300767,4.467776,14.546328,17.961154,0.5352798054,0.1043467657992565,538.0,G,florida,313.0,313.0,3,3.5,2.0,0.0038,3.5,2.0,0.0,0,0.0,0,True
2021,57,2,Balša Koprivica,CHO,Florida State (So.),Serbia,Florida State,2000-05-01,sleeper,True,21.243,2269,Balsa Koprivica,0,college,0,medium_name_unique_gp_small_agree,,balsa-koprivica-1,2021,exact,24.0,19.5,9.125,5.625,0.75,0.2916666667,1.375,1.3333333333,0.0416666667,12.958,26.581,18.718,11.538,1.538,0.598,2.821,2.735,0.085,6.732579,3.805967,2.926612,24.830129,21.946309,0.6222474783,0.2004807692307692,468.0,C,florida-state,,,3,0.0,0,0.0,0.0,0,0.0,0,0.0,0,True
2021,58,2,Jericho Sims,NYK,Texas (Sr.),United States,Texas,1998-10-20,sleeper,True,22.773,2257,Jericho Sims,258,college,258.0,high_gp_verified,,jericho-sims-1,2021,exact,26.0,24.5384615385,9.2307692308,7.2307692308,0.6538461538,0.7307692308,1.0769230769,1.6153846154,0.0,14.5,23.636,15.047,11.787,1.066,1.191,1.755,2.633,0.0,6.926625,3.561829,3.364796,21.702758,17.602886,0.6575342466,0.1814553605015674,638.0,F,texas,317.0,317.0,3,967.0,138.0,1.0318,286.0,41.0,421.0,52.0,260.0,45.0,True
2021,59,2,RaiQuan Gray,BRK,Florida State (Jr.),United States,Florida State,1999-07-07,sleeper,True,22.062,2276,RaiQuan Gray,4,college,3.0,medium_name_unique_gp_small_agree,,raiquan-gray-1,2021,exact,25.0,26.32,11.88,6.4,2.2,1.2,0.72,2.2,0.32,16.34,24.833,18.055,9.726,3.343,1.824,1.094,3.343,0.486,7.416877,3.722011,3.694866,22.15421,23.279685,0.5819535613,0.1833,658.0,F,florida-state,,,3,36.0,3.0,0.0379,0.0,0,23.0,1.0,13.0,2.0,True
2021,60,2,Georgios Kalaitzakis,IND,Panathinaikos (Greece),Greece,,1999-01-02,sleeper,True,22.571,2311,Georgios Kalaitzakis,13,international_pro,13.0,high_gp_verified,,,,,,,,,,,,,,,,,,,,,,,,,,,,,,,,,888.0,888.0,3,91.0,13.0,0.1001,91.0,13.0,0.0,0,0.0,0,False
2022,1,1,Paolo Banchero,ORL,Duke (Fr.),United States,Duke,2002-11-12,sleeper,True,19.611,2458,Paolo Banchero,270,college,269.0,high_gp_verified,,paolo-banchero-1,2022,exact,39.0,32.9743589744,17.2051282051,7.7948717949,3.1794871795,1.0512820513,0.9230769231,2.358974359,1.1282051282,21.731,26.361,20.871,9.456,3.857,1.275,1.12,2.862,1.369,7.665561,5.414584,2.250977,24.161144,27.45395,0.5570313797,0.1912159253499222,1286.0,F,duke,62.0,62.0,3,4654.5,197.0,4.8897,1535.0,72.0,1917.5,79.0,1202.0,46.0,True
2022,2,1,Chet Holmgren,OKC,Gonzaga (Fr.),United States,Gonzaga,2002-05-01,sleeper,True,20.145,2455,Chet Holmgren,183,college,182.0,high_gp_verified,,chet-holmgren-1,2022,exact,32.0,26.90625,14.125,9.90625,1.90625,0.8125,3.65625,1.90625,1.28125,26.547,39.466,20.999,14.727,2.834,1.208,5.436,2.834,1.905,14.974951,7.502983,7.471968,31.347612,21.640306,0.6910786637,0.2936992799070848,861.0,C,gonzaga,,,3,2684.0,113.0,2.8054,0.0,0,1955.5,81.0,728.5,32.0,True
2022,3,1,Jabari Smith Jr.,HOU,Auburn (Fr.),United States,Auburn,2003-05-13,sleeper,True,19.113,2445,Jabari Smith,289,college,288.0,high_gp_verified,,jabari-smith-2,2022,exact,34.0,28.7647058824,16.9411764706,7.4117647059,2.0,1.0882352941,1.0294117647,1.8529411765,2.3235294118,21.426,29.796,23.558,10.307,2.781,1.513,1.431,2.577,3.231,11.147858,7.367042,3.780816,25.08975,27.614021,0.5704099822,0.2272684662576687,978.0,F,auburn,43.0,43.0,3,3736.5,211.0,3.9272,1365.0,79.0,1441.5,75.0,930.0,57.0,True
2022,4,1,Keegan Murray,SAC,Iowa (So.),United States,Iowa,2000-08-19,sleeper,True,21.843,2456,Keegan Murray,256,college,255.0,high_gp_verified,,keegan-murray-1,2022,exact,35.0,31.8857142857,23.4857142857,8.6571428571,1.4857142857,1.2857142857,1.9428571429,1.1142857143,1.8857142857,28.171,35.341,29.462,10.86,1.864,1.613,2.437,1.398,2.366,15.694245,12.965114,2.729131,37.750686,29.739126,0.6379511059,0.310594623655914,1116.0,F,iowa,104.0,104.0,3,4025.5,232.0,4.2298,1212.0,80.0,1434.5,76.0,1379.0,76.0,True
2022,5,1,Jaden Ivey,DET,Purdue (So.),United States,Purdue,2002-02-13,sleeper,True,20.356,2439,Jaden Ivey,218,college,217.0,high_gp_verified,,jaden-ivey-1,2022,exact,36.0,31.4444444444,17.3333333333,4.8888888889,3.0555555556,0.9166666667,0.5555555556,2.6111111111,1.7777777778,17.833,22.686,22.049,6.219,3.887,1.166,0.707,3.322,2.261,7.247375,5.692747,1.554628,22.473828,28.742756,0.5785009039,0.1807279151943463,1132.0,G,purdue,75.0,75.0,3,3000.0,180.0,3.154,1252.0,74.0,1216.5,76.0,531.5,30.0,True
2022,6,1,Bennedict Mathurin,IND,Arizona (So.),Canada,Arizona,2002-06-19,sleeper,True,20.011,2435,Bennedict Mathurin,263,college,263.0,high_gp_verified,,bennedict-mathurin-1,2022,exact,37.0,32.4594594595,17.7027027027,5.6216216216,2.5405405405,0.972972973,0.2702702703,1.7837837838,2.2432432432,18.838,23.214,21.815,6.928,3.131,1.199,0.333,2.198,2.764,7.968682,6.065141,1.903541,21.059432,25.05011,0.5760267347,0.2051958034970858,1201.0,G,arizona,141.0,141.0,3,3079.0,209.0,3.2389,1099.0,78.0,823.0,59.0,1157.0,72.0,True
2022,7,1,Shaedon Sharpe,POR,Kentucky (Fr.),Canada,Kentucky,2003-05-30,sleeper,True,19.066,2476,Shaedon Sharpe,234,college,234.0,high_gp_verified,,,,,,,,,,,,,,,,,,,,,,,,,,,,,,,,kentucky,103.0,103.0,3,2636.5,184.0,2.7736,816.5,80.0,548.0,32.0,1272.0,72.0,False
2022,8,1,Dyson Daniels,NOP,NBA G League Ignite (NBA G League),Australia,,2003-03-17,sleeper,True,19.269,2449,Dyson Daniels,272,g_league_ignite,271.0,high_gp_verified,,,,,,,,,,,,,,,,,,,,,,,,,,,,,,,,,138.0,138.0,3,3038.5,195.0,3.1918,504.0,59.0,756.0,60.0,1778.5,76.0,False
2022,9,1,Jeremy Sochan,SAS,Baylor (Fr.),Poland,Baylor,2003-05-20,sleeper,True,19.094,2451,Jeremy Sochan,228,college,228.0,high_gp_verified,,jeremy-sochan-1,2022,exact,30.0,25.1333333333,9.2333333333,6.3666666667,1.7666666667,1.2666666667,0.7,1.5666666667,0.8,15.517,24.695,14.695,10.133,2.812,2.016,1.114,2.493,1.273,8.000772,3.634394,4.366378,19.614981,19.579905,0.5458128079,0.1816024933687002,754.0,F,baylor,158.0,158.0,3,2909.5,184.0,3.0547,795.5,56.0,1253.5,74.0,860.5,54.0,True
2022,10,1,Johnny Davis,WAS,Wisconsin (So.),United States,Wisconsin,2002-02-27,sleeper,True,20.318,2437,Johnny Davis,112,college,111.0,high_gp_verified,,jonathan-davis-3,2022,exact,31.0,34.1935483871,19.7419354839,8.2258064516,2.1290322581,1.1612903226,0.7419354839,2.2903225806,1.1935483871,22.339,26.132,23.094,9.623,2.491,1.358,0.868,2.679,1.396,8.860111,5.830844,3.029267,24.286016,32.481769,0.5229875235,0.1706209811320754,1060.0,G,wisconsin,149.0,149.0,3,561.5,111.0,0.5901,205.0,28.0,225.0,49.0,131.5,34.0,True
2022,11,1,Ousmane Dieng,NYK,New Zealand Breakers (New Zealand),France,,2003-05-21,sleeper,True,19.091,2482,Ousmane Dieng,166,international_pro,165.0,high_gp_verified,,,,,,,,,,,,,,,,,,,,,,,,,,,,,,,,,293.0,293.0,3,664.0,108.0,0.699,280.5,39.0,155.0,32.0,228.5,37.0,False
2022,12,1,Jalen Williams,OKC,Santa Clara (Jr.),United States,Santa Clara,2001-04-14,sleeper,True,21.191,2453,Jalen Williams,248,college,247.0,high_gp_verified,,jalen-williams-13,2022,exact,33.0,34.8484848485,18.0,4.4242424242,4.1515151515,1.1818181818,0.5454545455,2.0909090909,1.2727272727,19.576,22.47,20.661,5.078,4.765,1.357,0.626,2.4,1.461,5.969163,4.760719,1.208444,22.75894,24.957728,0.6012450023,0.1841068869565217,1150.0,G,santa-clara,278.0,278.0,3,4455.5,214.0,4.6823,1307.5,75.0,1457.0,70.0,1691.0,69.0,True
2022,13,1,Jalen Duren,CHO,Memphis (Fr.),United States,Memphis,2003-11-18,sleeper,True,18.595,2438,Jalen Duren,276,college,276.0,high_gp_verified,,jalen-duren-1,2022,exact,29.0,25.275862069,11.9655172414,8.1379310345,1.275862069,0.8275862069,2.1034482759,2.2413793103,0.0,19.017,30.095,18.936,12.879,2.019,1.31,3.329,3.547,0.0,7.06648,3.735674,3.330806,25.342271,22.845184,0.6079187106,0.1897190723055934,733.0,C,memphis,122.0,122.0,3,4110.5,206.0,4.319,1107.0,67.0,1341.5,61.0,1662.0,78.0,True
2022,14,1,Ochai Agbaji,CLE,Kansas (Sr.),United States,Kansas,2000-04-20,sleeper,True,22.174,2434,Ochai Agbaji,263,college,262.0,high_gp_verified,,ochai-agbaji-1,2022,exact,39.0,35.0512820513,18.7692307692,5.0512820513,1.5897435897,0.9230769231,0.5641025641,2.0512820513,2.641025641,18.269,20.849,21.419,5.764,1.814,1.053,0.644,2.341,3.014,9.022323,6.868183,2.15414,20.803109,25.313134,0.5949284785,0.1806965910753474,1367.0,G,kansas,301.0,301.0,3,1999.5,200.0,2.1004,485.0,59.0,664.5,77.0,850.0,64.0,True
2022,15,1,Mark Williams,CHO,Duke (So.),United States,Duke,2001-12-16,sleeper,True,20.517,2440,Mark Williams,166,college,166.0,high_gp_verified,,mark-williams-7,2022,exact,39.0,23.641025641,11.2307692308,7.4102564103,0.8974358974,0.4871794872,2.8205128205,0.9230769231,0.0,19.615,33.189,19.002,12.538,1.518,0.824,4.772,1.562,0.0,12.536231,7.765968,4.770263,33.070959,18.618213,0.7261875155,0.2713665075921909,922.0,C,duke,199.0,199.0,3,2046.0,106.0,2.1526,634.5,43.0,394.0,19.0,1017.5,44.0,True
2022,16,1,AJ Griffin,ATL,Duke (Fr.),United States,Duke,2003-08-25,sleeper,True,18.828,2448,AJ Griffin,92,college,91.0,high_gp_verified,,aj-griffin-1,2022,exact,39.0,23.9743589744,10.3846153846,3.9230769231,0.9743589744,0.5128205128,0.5641025641,0.641025641,1.8205128205,12.513,20.877,17.326,6.545,1.626,0.856,0.941,1.07,3.037,8.141607,6.610177,1.53143,20.716803,18.82707,0.6304973924,0.1804435080213904,935.0,F,duke,134.0,134.0,3,713.0,91.0,0.7546,666.0,72.0,47.0,19.0,0.0,0,True
2022,17,1,Tari Eason,HOU,LSU (So.),United States,LSU,2001-05-10,sleeper,True,21.12,2447,Tari Eason,221,college,221.0,high_gp_verified,,tari-eason-1,2022,exact,33.0,24.4242424242,16.9393939394,6.6060606061,1.0,1.9393939394,1.0909090909,2.2121212121,0.8484848485,20.348,33.325,27.742,10.819,1.638,3.176,1.787,3.623,1.39,14.707939,8.970598,5.737341,33.424513,31.762956,0.6152322254,0.294392952853598,806.0,F,louisiana-state,145.0,145.0,3,2605.5,161.0,2.7454,1181.5,82.0,379.5,22.0,1044.5,57.0,True
2022,18,1,Dalen Terry,CHI,Arizona (So.),United States,Arizona,2002-07-12,sleeper,True,19.948,2433,Dalen Terry,218,college,217.0,high_gp_verified,,dalen-terry-1,2022,exact,37.0,27.8108108108,8.027027027,4.8378378378,3.9189189189,1.2432432432,0.3243243243,1.3783783784,0.7567567568,14.905,21.438,11.545,6.958,5.637,1.788,0.466,1.983,1.088,7.963115,3.494893,4.468222,16.889214,14.061135,0.5842431396,0.1761972011661807,1029.0,G,arizona,306.0,306.0,3,939.0,169.0,0.9854,133.0,38.0,336.5,58.0,469.5,73.0,True
2022,19,1,Jake LaRavia,MIN,Wake Forest (Jr.),United States,Wake Forest,2001-11-03,sleeper,True,20.635,2444,Jake LaRavia,218,college,217.0,high_gp_verified,,jake-laravia-1,2022,exact,33.0,34.1818181818,14.6060606061,6.5757575758,3.696969697,1.6666666667,0.9696969697,2.696969697,0.8484848485,20.576,24.078,17.092,7.695,4.326,1.95,1.135,3.156,0.993,8.464157,4.748353,3.715804,22.948391,20.433726,0.6485904595,0.2060170567375886,1128.0,G,wake-forest,257.0,257.0,3,1350.0,135.0,1.4169,162.5,35.0,423.5,34.0,764.0,66.0,True
2022,20,1,Malaki Branham,SAS,Ohio State (Fr.),United States,Ohio State,2003-05-12,sleeper,True,19.116,2452,Malaki Branham,216,college,216.0,high_gp_verified,,malaki-branham-1,2022,exact,32.0,29.625,13.65625,3.5625,2.0,0.71875,0.28125,1.6875,1.15625,13.281,17.932,18.439,4.81,2.7,0.97,0.38,2.278,1.561,5.730095,4.819221,0.910874,20.398798,24.108739,0.5960174577,0.1536948101265822,948.0,G,ohio-state,267.0,267.0,3,1589.0,188.0,1.6705,691.0,66.0,678.5,75.0,219.5,47.0,True
2022,21,1,Christian Braun,DEN,Kansas (Jr.),United States,Kansas,2001-04-17,sleeper,True,21.183,2457,Christian Braun,281,college,280.0,high_gp_verified,,christian-braun-1,2022,exact,40.0,34.35,14.1,6.525,2.775,0.975,0.825,2.025,1.275,18.562,21.616,16.419,7.598,3.231,1.135,0.961,2.358,1.485,8.953372,5.631282,3.32209,19.635018,20.399651,0.5849105522,0.1741868413391557,1374.0,G,kansas,307.0,307.0,3,2804.5,236.0,2.9453,522.0,76.0,845.0,81.0,1437.5,79.0,True
2022,22,1,Walker Kessler,MEM,Auburn (So.),United States,Auburn,2001-07-26,sleeper,True,20.909,2441,Walker Kessler,201,college,201.0,high_gp_verified,,walker-kessler-1,2022,exact,34.0,25.6176470588,11.4411764706,8.0588235294,0.8823529412,1.0882352941,4.5588235294,1.0882352941,0.2941176471,25.015,39.059,17.865,12.583,1.378,1.699,7.118,1.699,0.459,14.142194,6.171334,7.97086,31.445204,18.960597,0.6268632665,0.2538012858783008,871.0,F,auburn,253.0,253.0,3,3925.5,196.0,4.1287,1393.0,74.0,1115.0,64.0,1417.5,58.0,True
2022,23,1,David Roddy,PHI,Colorado State (Jr.),United States,Colorado State,2001-03-27,sleeper,True,21.24,2443,David Roddy,173,college,172.0,high_gp_verified,,david-roddy-1,2022,exact,31.0,32.935483871,19.1935483871,7.5483870968,2.8709677419,1.1612903226,1.064516129,2.3225806452,1.4838709677,22.887,27.796,23.31,9.167,3.487,1.41,1.293,2.821,1.802,11.062223,8.716037,2.346186,30.283632,28.83577,0.6450563747,0.2456599804113614,1021.0,G,colorado-state,279.0,279.0,3,1340.0,167.0,1.4087,560.5,70.0,548.5,64.0,231.0,33.0,True
2022,24,1,MarJon Beauchamp,MIL,NBA G League Ignite (NBA G League),United States,,2000-10-12,sleeper,True,21.695,2481,MarJon Beauchamp,149,g_league_ignite,148.0,high_gp_verified,,,,,,,,,,,,,,,,,,,,,,,,,,,,,,,,,999.0,,3,678.5,134.0,0.7138,321.5,52.0,258.5,47.0,98.5,35.0,False
2022,25,1,Blake Wesley,SAS,Notre Dame (Fr.),United States,Notre Dame,2003-03-16,sleeper,True,19.272,2450,Blake Wesley,187,college,186.0,high_gp_verified,,blake-wesley-1,2022,exact,35.0,29.3428571429,14.4,3.6857142857,2.4,1.2571428571,0.0571428571,2.2,1.5428571429,14.486,19.747,19.63,5.024,3.272,1.714,0.078,2.999,2.103,1.320177,0.496822,0.823355,16.86966,31.305513,0.4951613696,0.0976146445959104,1027.0,G,notre-dame,289.0,289.0,3,1004.0,155.0,1.0545,281.0,37.0,395.0,60.0,328.0,58.0,True
2022,26,1,Wendell Moore Jr.,DAL,Duke (Jr.),United States,Duke,2001-09-18,sleeper,True,20.761,2442,Wendell Moore,96,college,95.0,high_gp_verified,,wendell-moorejr-1,2022,exact,39.0,33.9487179487,13.4102564103,5.3076923077,4.4102564103,1.4102564103,0.2051282051,1.9487179487,1.3333333333,18.372,21.647,15.801,6.254,5.196,1.662,0.242,2.296,1.571,7.927169,5.329764,2.597405,21.392345,19.512688,0.6052540215,0.185934833836858,1324.0,F,duke,305.0,305.0,3,355.0,89.0,0.3735,78.0,29.0,32.0,24.0,245.0,36.0,True
2022,27,1,Nikola Jović,MIA,Mega Mozzart (Serbia),Serbia,,2003-06-09,sleeper,True,19.039,2480,Nikola Jović,154,international_pro,153.0,high_gp_verified,,,,,,,,,,,,,,,,,,,,,,,,,,,,,,,,,203.0,203.0,3,1257.5,106.0,1.3184,98.0,15.0,516.5,45.0,643.0,46.0,False
2022,28,1,Patrick Baldwin Jr.,GSW,Milwaukee (Fr.),United States,UW-Milwaukee,2002-11-18,sleeper,True,19.595,2436,Patrick Baldwin,102,college,101.0,high_gp_verified,,patrick-baldwinjr-1,2022,exact,11.0,28.5454545455,12.0909090909,5.8181818182,1.5454545455,0.8181818182,0.8181818182,2.0909090909,1.5454545455,15.364,21.529,16.943,8.153,2.166,1.146,1.146,2.93,2.166,-1.804069,-0.839335,-0.964734,13.901693,28.27634,0.450465707,0.046255923566879,314.0,G,milwaukee,304.0,304.0,3,493.0,92.0,0.5171,141.0,31.0,282.0,37.0,70.0,24.0,True
2022,29,1,TyTy Washington Jr.,MEM,Kentucky (Fr.),United States,Kentucky,2001-11-15,sleeper,True,20.602,2446,TyTy Washington,74,college,73.0,high_gp_verified,,tyty-washingtonjr-1,2022,exact,31.0,29.1935483871,12.5161290323,3.4516129032,3.8709677419,1.2903225806,0.1935483871,1.6451612903,1.1612903226,15.484,21.215,17.149,4.729,5.304,1.768,0.265,2.254,1.591,7.370518,4.066302,3.304216,19.253098,22.531759,0.5280348394,0.1712810607734806,905.0,G,kentucky,218.0,218.0,3,266.5,57.0,0.2816,198.0,31.0,17.0,10.0,51.5,16.0,True
2022,30,1,Peyton Watson,OKC,UCLA (Fr.),United States,UCLA,2002-09-11,sleeper,True,19.781,2454,Peyton Watson,225,college,224.0,high_gp_verified,,peyton-watson-1,2022,exact,32.0,12.65625,3.28125,2.875,0.8125,0.59375,0.59375,0.9375,0.21875,6.875,21.728,10.37,9.086,2.568,1.877,1.877,2.963,0.691,1.113785,-2.698741,3.812526,11.248894,20.796111,0.3941441441,0.0743342222222222,405.0,G,ucla,999.0,,3,1787.5,170.0,1.8731,110.5,23.0,824.5,79.0,852.5,68.0,True
2022,31,2,Andrew Nembhard,IND,Gonzaga (Sr.),Canada,Gonzaga,2000-01-16,sleeper,True,22.434,2461,Andrew Nembhard,265,college,264.0,high_gp_verified,,andrew-nembhard-1,2022,exact,32.0,32.15625,11.84375,3.375,5.75,1.59375,0.125,1.9375,1.59375,17.344,21.574,14.733,4.198,7.153,1.983,0.155,2.41,1.983,7.313887,3.936026,3.377861,18.149767,18.578512,0.5637783563,0.1946874635568513,1029.0,G,gonzaga,999.0,,3,2726.0,207.0,2.8671,981.5,75.0,792.5,67.0,952.0,65.0,True
2022,32,2,Caleb Houstan,ORL,Michigan (Fr.),Canada,Michigan,2003-01-09,sleeper,True,19.452,2478,Caleb Houstan,186,college,185.0,high_gp_verified,,caleb-houstan-1,2022,exact,34.0,32.0,10.0882352941,3.9705882353,1.3529411765,0.7352941176,0.2352941176,1.5294117647,1.7647058824,11.662,14.577,12.61,4.963,1.691,0.919,0.294,1.912,2.206,3.107521,1.876924,1.230597,11.786467,17.869722,0.5302620391,0.0843137132352941,1088.0,G,michigan,999.0,,3,875.5,167.0,0.9201,272.5,51.0,294.5,58.0,308.5,58.0,True
2022,33,2,Christian Koloko,TOR,Arizona (Jr.),Cameroon,Arizona,2000-06-20,sleeper,True,22.007,2473,Christian Koloko,122,college,122.0,high_gp_verified,,christian-koloko-1,2022,exact,37.0,25.4324324324,12.5945945946,7.2972972973,1.3783783784,0.7567567568,2.7567567568,1.5945945946,0.0,20.405,32.094,19.809,11.477,2.168,1.19,4.336,2.508,0.0,10.547225,5.218197,5.329028,28.022651,20.738271,0.6608054453,0.2496556004250797,941.0,C,arizona,247.0,247.0,3,620.5,95.0,0.6558,427.5,58.0,0.0,0,193.0,37.0,True
2022,34,2,Jaylin Williams,OKC,Arkansas (So.),United States,Arkansas,2002-06-29,sleeper,True,19.984,2475,Jaylin Williams,230,college,229.0,high_gp_verified,,jaylin-williams-2,2022,exact,37.0,31.6486486486,10.8918918919,9.8378378378,2.5675675676,1.2972972973,1.1081081081,1.8108108108,0.4594594595,21.081,26.644,13.766,12.434,3.245,1.64,1.401,2.289,0.581,7.85702,2.658426,5.198594,18.926402,18.188122,0.5380507343,0.1674315286080273,1171.0,F,arkansas,999.0,,3,1735.0,164.0,1.8235,531.0,49.0,573.5,68.0,630.5,47.0,True
2022,35,2,Max Christie,LAL,Michigan State (Fr.),United States,Michigan State,2003-02-10,sleeper,True,19.365,2468,Max Christie,263,college,262.0,high_gp_verified,,max-christie-1,2022,exact,35.0,30.8,9.2571428571,3.4571428571,1.4571428571,0.5142857143,0.4857142857,1.4857142857,1.1142857143,10.614,13.785,12.022,4.49,1.892,0.668,0.631,1.929,1.447,1.857509,0.754154,1.103355,10.546495,18.070621,0.4936766723,0.0631650834879406,1078.0,G,michigan-state,999.0,,3,1545.0,185.0,1.6223,196.0,41.0,407.0,66.0,942.0,78.0,True
2022,36,2,Gabriele Procida,POR,Fortitudo Bologna (Italy),Italy,,2002-06-01,sleeper,True,20.06,2479,Gabriele Procida,0,international_pro,0,medium_name_unique_gp_small_agree,,,,,,,,,,,,,,,,,,,,,,,,,,,,,,,,,,,3,0.0,0,0.0,0.0,0,0.0,0,0.0,0,False
2022,37,2,Jaden Hardy,SAC,NBA G League Ignite (NBA G League),United States,,2002-07-05,sleeper,True,19.967,2485,Jaden Hardy,235,g_league_ignite,234.0,high_gp_verified,,,,,,,,,,,,,,,,,,,,,,,,,,,,,,,,,192.0,192.0,3,1369.0,177.0,1.4381,401.5,48.0,525.5,72.0,442.0,57.0,False
2022,38,2,Kennedy Chandler,SAS,Tennessee (Fr.),United States,Tennessee,2002-09-16,sleeper,True,19.767,2467,Kennedy Chandler,47,college,47.0,high_gp_verified,,kennedy-chandler-1,2022,exact,34.0,30.8235294118,13.9117647059,3.2352941176,4.7352941176,2.1764705882,0.2352941176,2.5,1.4411764706,17.971,23.321,18.053,4.198,6.145,2.824,0.305,3.244,1.87,9.037963,4.249144,4.788819,20.248335,24.950319,0.5386936963,0.176201679389313,1048.0,G,tennessee,271.0,271.0,3,156.0,36.0,0.1653,156.0,36.0,0.0,0,0.0,0,True
2022,39,2,Khalifa Diop,CLE,Herbalife Gran Canaria (Spain),Senegal,,2002-01-15,sleeper,True,20.435,2483,Khalifa Diop,0,international_pro,0,medium_name_unique_gp_small_agree,,,,,,,,,,,,,,,,,,,,,,,,,,,,,,,,,,,3,0.0,0,0.0,0.0,0,0.0,0,0.0,0,False
2022,40,2,Bryce McGowens,MIN,Nebraska (Fr.),United States,Nebraska,2002-11-08,sleeper,True,19.622,2464,Bryce McGowens,160,college,159.0,high_gp_verified,,bryce-mcgowens-1,2022,exact,31.0,33.2903225806,16.8387096774,5.1935483871,1.3870967742,0.7096774194,0.3225806452,2.0967741935,1.2903225806,15.613,18.76,20.233,6.24,1.667,0.853,0.388,2.519,1.55,1.276624,2.279717,-1.003093,16.866219,27.248513,0.5330610161,0.0860868217054263,1032.0,G,nebraska,999.0,,3,633.5,117.0,0.6655,286.0,46.0,338.0,58.0,9.5,13.0,True
2022,41,2,E.J. Liddell,NOP,Ohio State (Jr.),United States,Ohio State,2000-12-18,sleeper,False,21.511,2471,E.J. Liddell,46,college,46.0,high_gp_verified,,ej-liddell-1,2022,exact,32.0,33.1875,19.40625,7.9375,2.5,0.5625,2.59375,2.40625,1.4375,24.766,29.849,23.39,9.567,3.013,0.678,3.126,2.9,1.733,11.762966,8.510295,3.252671,30.533678,30.494189,0.5982947155,0.2356224482109228,1062.0,F,ohio-state,,,3,38.0,20.0,0.0398,0.0,0,14.0,8.0,24.0,12.0,True
2022,42,2,Trevor Keels,NYK,Duke (Fr.),United States,Duke,2003-08-26,sleeper,True,18.825,2459,Trevor Keels,11,college,11.0,high_gp_verified,,trevor-keels-1,2022,exact,36.0,30.1944444444,11.4722222222,3.4444444444,2.7222222222,1.2222222222,0.0555555556,1.25,1.5,13.958,18.491,15.198,4.563,3.606,1.619,0.074,1.656,1.987,4.207355,2.739668,1.467687,16.520633,20.680691,0.5200528867,0.1343779576816927,1087.0,G,duke,999.0,,3,4.0,3.0,0.0042,4.0,3.0,0.0,0,0.0,0,True
2022,43,2,Moussa Diabaté,LAC,Michigan (Fr.),France,Michigan,2002-01-21,sleeper,True,20.419,2474,Moussa Diabaté,177,college,177.0,high_gp_verified,,moussa-diabate-1,2022,exact,32.0,24.875,9.03125,5.96875,0.8125,0.34375,0.875,1.46875,0.09375,12.312,19.799,14.523,9.598,1.307,0.553,1.407,2.362,0.151,2.762108,1.617742,1.144366,17.598192,19.70651,0.5646737007,0.1238763316582914,796.0,F,michigan,999.0,,3,973.0,104.0,1.0232,107.0,22.0,52.5,11.0,813.5,71.0,True
2022,44,2,Ryan Rollins,ATL,Toledo (So.),United States,Toledo,2002-07-03,sleeper,True,19.973,2463,Ryan Rollins,155,college,154.0,high_gp_verified,,ryan-rollins-1,2022,exact,34.0,32.6764705882,18.8529411765,5.9705882353,3.6176470588,1.7352941176,0.2647058824,2.2352941176,1.3823529412,21.471,26.283,23.078,7.309,4.428,2.124,0.324,2.736,1.692,5.390912,3.431115,1.959797,24.733662,28.864496,0.5593856357,0.2077902790279028,1111.0,G,toledo,999.0,,3,567.5,80.0,0.5961,19.0,12.0,67.5,12.0,481.0,56.0,True
2022,45,2,Josh Minott,CHO,Memphis (Fr.),Jamaica,Memphis,2002-11-25,sleeper,True,19.576,2465,Josh Minott,142,college,141.0,high_gp_verified,,josh-minott-1,2022,exact,33.0,14.6363636364,6.5757575758,3.7575757576,0.9393939394,0.8181818182,0.6666666667,0.9393939394,0.0606060606,10.045,27.453,17.971,10.269,2.567,2.236,1.822,2.567,0.166,7.220385,3.796257,3.424128,23.726595,21.854152,0.5714285714,0.1987235610766045,483.0,G,memphis,999.0,,3,322.5,92.0,0.339,74.0,15.0,70.0,31.0,178.5,46.0,True
2022,46,2,Ismael Kamagate,DET,Paris Basketball (France),France,,2001-01-17,sleeper,True,21.429,2486,Ismael Kamagate,0,international_pro,0,medium_name_unique_gp_small_agree,,,,,,,,,,,,,,,,,,,,,,,,,,,,,,,,,,,3,0.0,0,0.0,0.0,0,0.0,0,0.0,0,False
2022,47,2,Vince Williams Jr.,MEM,VCU (Sr.),United States,VCU,2000-08-30,sleeper,True,21.812,2466,Vince Williams,134,college,134.0,high_gp_verified,,vince-williams-2,2022,exact,30.0,32.4333333333,14.0666666667,5.9666666667,3.0333333333,1.6,1.0666666667,2.8666666667,2.1666666667,19.583,24.152,17.348,7.359,3.741,1.973,1.316,3.535,2.672,9.2181,4.679614,4.538486,20.70612,22.633249,0.6290058131,0.1908448098663926,973.0,G,virginia-commonwealth,999.0,,3,1144.5,94.0,1.1967,47.0,15.0,832.0,52.0,265.5,27.0,True
2022,48,2,Kendall Brown,MIN,Baylor (Fr.),United States,Baylor,2003-05-11,sleeper,True,19.118,2462,Kendall Brown,21,college,20.0,high_gp_verified,,kendall-brown-1,2022,exact,34.0,27.0,9.6764705882,4.8823529412,1.8529411765,1.0,0.3529411765,1.7058823529,0.4117647059,12.779,18.932,14.336,7.233,2.745,1.481,0.523,2.527,0.61,7.356295,3.731755,3.62454,18.439949,17.065871,0.6299061842,0.1741631808278867,918.0,G,baylor,277.0,277.0,3,33.0,20.0,0.0347,17.5,6.0,15.5,14.0,0.0,0,True
2022,49,2,Isaiah Mobley,CLE,USC (Jr.),United States,USC,1999-09-24,sleeper,True,22.746,2460,Isaiah Mobley,23,college,23.0,high_gp_verified,,isaiah-mobley-1,2022,exact,32.0,34.0625,14.15625,8.34375,3.3125,0.75,0.90625,1.875,1.34375,20.844,24.477,16.624,9.798,3.89,0.881,1.064,2.202,1.578,7.880746,5.220103,2.660643,21.054302,22.405512,0.5351131061,0.1780481834862385,1090.0,F,southern-california,999.0,,3,90.5,23.0,0.0954,53.0,13.0,21.0,9.0,16.5,1.0,True
2022,50,2,Matteo Spagnolo,MIN,Vanoli Cremona (Italy),Italy,,2003-01-10,sleeper,True,19.45,2484,Matteo Spagnolo,0,international_pro,0,medium_name_unique_gp_small_agree,,,,,,,,,,,,,,,,,,,,,,,,,,,,,,,,,,,3,0.0,0,0.0,0.0,0,0.0,0,0.0,0,False
2022,51,2,Tyrese Martin,GSW,UConn (Sr.),United States,UConn,1999-03-07,sleeper,True,23.296,2469,Tyrese Martin,122,college,122.0,high_gp_verified,,tyrese-martin-1,2022,exact,29.0,32.0689655172,13.5517241379,7.5172413793,1.9310344828,0.7931034483,0.4827586207,1.8275862069,1.4827586207,17.69,22.065,16.903,9.376,2.409,0.989,0.602,2.28,1.849,6.654295,4.872533,1.781762,19.482926,22.309709,0.5402061856,0.1681434838709677,930.0,G,connecticut,999.0,,3,688.0,76.0,0.7233,25.0,16.0,0.0,0,663.0,60.0,True
2022,52,2,Karlo Matković,NOP,Mega Mozzart (Serbia),Croatia,,2001-03-30,sleeper,True,21.232,2490,Karlo Matković,104,international_pro,104.0,high_gp_verified,,,,,,,,,,,,,,,,,,,,,,,,,,,,,,,,,,,3,519.0,42.0,0.5455,0.0,0,0.0,0,519.0,42.0,False
2022,53,2,JD Davison,BOS,Alabama (Fr.),United States,Alabama,2002-10-03,sleeper,True,19.721,2472,JD Davison,64,college,63.0,high_gp_verified,,jd-davison-1,2022,exact,33.0,25.8181818182,8.5454545455,4.7575757576,4.3333333333,0.9696969697,0.3636363636,2.8787878788,0.7575757576,13.53,20.962,13.239,7.371,6.714,1.502,0.563,4.46,1.174,5.241624,3.325391,1.916233,15.97974,18.792746,0.5584711358,0.0972084976525821,852.0,G,alabama,999.0,,3,103.0,35.0,0.1083,34.5,12.0,25.0,7.0,43.5,16.0,True
2022,54,2,Yannick Nzosa,WAS,Unicaja (Spain),DR Congo,,2003-11-15,sleeper,True,18.604,2489,Yannick Nzosa,0,international_pro,0,medium_name_unique_gp_small_agree,,,,,,,,,,,,,,,,,,,,,,,,,,,,,,,,,,,3,0.0,0,0.0,0.0,0,0.0,0,0.0,0,False
2022,55,2,Gui Santos,GSW,Minas (Brazil),Brazil,,2002-06-22,sleeper,True,20.003,2488,Gui Santos,147,international_pro,146.0,high_gp_verified,,,,,,,,,,,,,,,,,,,,,,,,,,,,,,,,,,,3,516.5,78.0,0.5421,0.0,0,102.0,22.0,414.5,56.0,False
2022,56,2,Luke Travers,CLE,Perth Wildcats (Australia),Australia,,2001-09-03,sleeper,True,20.802,2487,Luke Travers,24,international_pro,24.0,high_gp_verified,,,,,,,,,,,,,,,,,,,,,,,,,,,,,,,,,,,3,30.0,12.0,0.0315,0.0,0,0.0,0,30.0,12.0,False
2022,57,2,Jabari Walker,POR,Colorado (So.),United States,Colorado,2002-07-30,sleeper,True,19.899,2477,Jabari Walker,252,college,252.0,high_gp_verified,,jabari-walker-1,2022,exact,33.0,28.1212121212,14.6363636364,9.3939393939,1.2424242424,0.7272727273,0.6666666667,2.303030303,1.0909090909,18.985,27.004,20.819,13.362,1.767,1.034,0.948,3.276,1.552,5.650389,3.809337,1.841052,23.013815,27.579799,0.5696426465,0.1851306465517241,928.0,F,colorado,999.0,,3,1759.0,188.0,1.8434,302.0,56.0,991.5,72.0,465.5,60.0,True
2022,58,2,Hugo Besson,IND,New Zealand Breakers (Australia),France,,2001-04-26,sleeper,True,21.158,2491,Hugo Besson,0,international_pro,0,medium_name_unique_gp_small_agree,,,,,,,,,,,,,,,,,,,,,,,,,,,,,,,,,,,3,0.0,0,0.0,0.0,0,0.0,0,0.0,0,False
2023,1,1,Victor Wembanyama,SAS,Metropolitans 92 (France),France,,2004-01-04,sleeper,True,19.463,2577,Victor Wembanyama,181,international_pro,181.0,high_gp_verified,,,,,,,,,,,,,,,,,,,,,,,,,,,,,,,,,7.8,7.8,3,6174.0,181.0,6.578,2323.0,71.0,1642.0,46.0,2209.0,64.0,False
2023,2,1,Brandon Miller,CHO,Alabama (Fr.),United States,Alabama,2002-11-22,sleeper,True,20.58,2568,Brandon Miller,166,college,166.0,high_gp_verified,,brandon-miller-3,2023,exact,37.0,32.6486486486,18.8108108108,8.2432432432,2.0810810811,0.8918918919,0.8648648649,2.1891891892,2.8648648649,22.486,27.55,23.046,10.099,2.55,1.093,1.06,2.682,3.51,12.038024,7.785784,4.25224,23.448831,26.238463,0.5831587767,0.2303644701986755,1208.0,F,alabama,57.9,57.9,3,3231.0,166.0,3.4511,1294.5,74.0,589.0,27.0,1347.5,65.0,True
2023,3,1,Scoot Henderson,POR,NBA G League Ignite (NBA G League),United States,,2004-02-03,sleeper,True,19.381,2620,Scoot Henderson,158,g_league_ignite,158.0,high_gp_verified,,,,,,,,,,,,,,,,,,,,,,,,,,,,,,,,,35.1,35.1,3,2353.5,158.0,2.4874,925.5,62.0,993.0,66.0,435.0,30.0,False
2023,4,1,Amen Thompson,HOU,City Reapers (Overtime Elite),United States,,2003-01-30,sleeper,True,20.392,2574,Amen Thompson,210,overtime_elite,209.0,high_gp_verified,,,,,,,,,,,,,,,,,,,,,,,,,,,,,,,,,71.6,71.6,3,4496.5,209.0,4.8118,987.0,61.0,1583.5,69.0,1926.0,79.0,False
2023,5,1,Ausar Thompson,DET,City Reapers (Overtime Elite),United States,,2003-01-30,sleeper,True,20.392,2566,Ausar Thompson,195,overtime_elite,195.0,high_gp_verified,,,,,,,,,,,,,,,,,,,,,,,,,,,,,,,,,74.5,74.5,3,3239.5,195.0,3.4611,984.5,63.0,936.5,59.0,1318.5,73.0,False
2023,6,1,Anthony Black,ORL,Arkansas (Fr.),United States,Arkansas,2004-01-20,sleeper,True,19.42,2590,Anthony Black,211,college,210.0,high_gp_verified,,anthony-black-1,2023,exact,36.0,34.8611111111,12.7777777778,5.0555555556,3.9166666667,2.0555555556,0.6111111111,3.0277777778,0.7777777778,18.056,20.717,14.661,5.801,4.494,2.359,0.701,3.474,0.892,6.722447,2.788296,3.934151,17.177256,20.931742,0.5485986881,0.1329610517928287,1255.0,G,arkansas,99.3,99.3,3,2600.0,210.0,2.7848,457.5,68.0,995.0,78.0,1147.5,64.0,True
2023,7,1,Bilal Coulibaly,IND,Metropolitans 92 (France),France,,2004-07-26,sleeper,True,18.905,2565,Bilal Coulibaly,178,international_pro,178.0,high_gp_verified,,,,,,,,,,,,,,,,,,,,,,,,,,,,,,,,,113.0,113.0,3,2728.0,178.0,2.906,792.0,63.0,1008.0,59.0,928.0,56.0,False
2023,8,1,Jarace Walker,WAS,Houston (Fr.),United States,Houston,2003-09-04,sleeper,True,19.797,2563,Jarace Walker,184,college,183.0,high_gp_verified,,jarace-walker-1,2023,exact,36.0,27.5555555556,11.2222222222,6.8055555556,1.8055555556,0.9722222222,1.2777777778,1.4722222222,0.9722222222,17.736,25.746,16.29,9.879,2.621,1.411,1.855,2.137,1.411,8.828586,4.459551,4.369035,22.060323,22.365281,0.5343915344,0.211491814516129,992.0,F,houston,97.4,97.4,3,2027.5,183.0,2.1847,201.0,32.0,689.0,75.0,1137.5,76.0,True
2023,9,1,Taylor Hendricks,UTA,UCF (Fr.),United States,Central Florida,2003-11-22,sleeper,True,19.581,2582,Taylor Hendricks,102,college,101.0,high_gp_verified,,taylor-hendricks-1,2023,exact,34.0,34.6764705882,15.1470588235,6.9705882353,1.3529411765,0.9117647059,1.7352941176,1.4117647059,1.7941176471,20.676,23.851,17.472,8.041,1.561,1.052,2.002,1.628,2.07,7.879217,5.387678,2.491539,22.487615,21.235742,0.5889079474,0.1950021374045801,1179.0,F,central-florida,132.5,132.5,3,1141.5,101.0,1.2273,457.5,39.0,41.5,3.0,642.5,59.0,True
2023,10,1,Cason Wallace,DAL,Kentucky (Fr.),United States,Kentucky,2003-11-07,sleeper,True,19.622,2586,Cason Wallace,227,college,226.0,high_gp_verified,,cason-wallace-1,2023,exact,32.0,32.1875,11.71875,3.71875,4.25,1.96875,0.46875,2.09375,1.375,17.297,21.495,14.563,4.621,5.282,2.447,0.583,2.602,1.709,7.73922,3.569772,4.169448,18.496796,19.901913,0.5430847212,0.1497309902912621,1030.0,G,kentucky,151.7,151.7,3,2888.0,226.0,3.0826,809.5,81.0,976.0,68.0,1102.5,77.0,True
2023,11,1,Jett Howard,ORL,Michigan (Fr.),United States,Michigan,2003-09-14,sleeper,True,19.77,2591,Jett Howard,133,college,132.0,high_gp_verified,,jett-howard-1,2023,exact,29.0,31.7931034483,14.2068965517,2.8275862069,2.0344827586,0.4137931034,0.6551724138,1.275862069,2.6896551724,14.172,17.831,17.874,3.557,2.56,0.521,0.824,1.605,3.384,5.240506,4.191571,1.048935,16.742656,23.030776,0.561882032,0.1320901084598698,922.0,G,michigan,186.0,186.0,3,663.5,132.0,0.7137,32.0,17.0,291.0,60.0,340.5,55.0,True
2023,12,1,Dereck Lively II,OKC,Duke (Fr.),United States,Duke,2004-02-12,sleeper,True,19.357,2584,Dereck Lively,98,college,98.0,high_gp_verified,,dereck-lively-ii-1,2023,exact,34.0,20.5882352941,5.2058823529,5.4117647059,1.0882352941,0.5,2.4117647059,0.6764705882,0.0588235294,14.279,27.743,10.114,10.514,2.114,0.971,4.686,1.314,0.114,9.338264,2.536554,6.80171,22.635591,11.553287,0.6623012161,0.2010910857142857,700.0,C,duke,115.3,115.3,3,1585.5,98.0,1.6637,865.5,55.0,635.0,36.0,85.0,7.0,True
2023,13,1,Gradey Dick,TOR,Kansas (Fr.),United States,Kansas,2003-11-20,sleeper,True,19.587,2578,Gradey Dick,190,college,189.0,high_gp_verified,,gradey-dick-1,2023,exact,36.0,32.6944444444,14.0833333333,5.1388888889,1.6666666667,1.4444444444,0.25,1.25,2.3055555556,17.139,20.969,17.23,6.287,2.039,1.767,0.306,1.529,2.821,7.747345,4.891876,2.855469,18.37383,20.519104,0.5810555269,0.1654161427357689,1177.0,G,kansas,103.5,103.5,3,1803.5,189.0,1.9167,510.5,59.0,773.5,54.0,519.5,76.0,True
2023,14,1,Jordan Hawkins,NOP,UConn (So.),United States,UConn,2002-04-29,sleeper,True,21.147,2576,Jordan Hawkins,174,college,174.0,high_gp_verified,,jordan-hawkins-1,2023,exact,37.0,29.3513513514,16.1621621622,3.7837837838,1.2702702703,0.7027027027,0.5135135135,1.3513513514,2.9459459459,15.689,21.381,22.026,5.157,1.731,0.958,0.7,1.842,4.015,8.291179,6.387563,1.903616,20.16486,25.40521,0.5840128913,0.2108760957642725,1086.0,G,connecticut,183.8,183.8,3,1476.0,174.0,1.5615,546.5,67.0,631.0,56.0,298.5,51.0,True
2023,15,1,Kobe Bufkin,ATL,Michigan (So.),United States,Michigan,2003-09-21,sleeper,True,19.751,2575,Kobe Bufkin,43,college,42.0,high_gp_verified,,kobe-bufkin-1,2023,exact,33.0,33.9696969697,14.0,4.5151515152,2.9090909091,1.303030303,0.696969697,1.9393939394,1.303030303,17.136,20.178,16.485,5.317,3.426,1.534,0.821,2.284,1.534,6.704322,3.451908,3.252414,19.182615,21.768745,0.5777166437,0.147913398751115,1121.0,G,michigan,206.6,206.6,3,249.0,42.0,0.2634,121.0,16.0,72.5,10.0,55.5,16.0,True
2023,16,1,Keyonte George,UTA,Baylor (Fr.),United States,Baylor,2003-11-08,sleeper,True,19.619,2580,Keyonte George,196,college,195.0,high_gp_verified,,keyonte-george-1,2023,exact,33.0,28.6060606061,15.3333333333,4.1515151515,2.7575757576,1.1212121212,0.1818181818,2.8787878788,2.3333333333,15.47,21.631,21.441,5.805,3.856,1.568,0.254,4.025,3.263,5.591314,4.501165,1.090149,17.805215,30.830929,0.5235385411,0.124546313559322,944.0,G,baylor,125.0,125.0,3,3407.5,195.0,3.6328,985.5,74.0,1204.5,67.0,1217.5,54.0,True
2023,17,1,Jalen Hood-Schifino,LAL,Indiana (Fr.),United States,Indiana,2003-06-19,sleeper,True,20.008,2572,Jalen Hood-Schifino,36,college,36.0,high_gp_verified,,jalen-hood-schifino-1,2023,exact,32.0,33.0625,13.5,4.125,3.65625,0.8125,0.25,2.78125,1.15625,14.453,17.486,16.333,4.991,4.423,0.983,0.302,3.365,1.399,0.717669,0.373628,0.344041,12.998661,25.670485,0.4919152813,0.0707143667296786,1058.0,G,indiana,181.0,181.0,3,174.0,36.0,0.1826,40.0,21.0,134.0,15.0,0.0,0,True
2023,18,1,Jaime Jaquez Jr.,MIA,UCLA (Sr.),Mexico,UCLA,2001-02-18,sleeper,True,22.338,2583,Jaime Jaquez,216,college,215.0,high_gp_verified,,jaime-jaquezjr-1,2023,exact,37.0,33.2162162162,17.8108108108,8.2162162162,2.3513513514,1.5405405405,0.5945945946,1.8108108108,0.8918918919,22.378,26.949,21.448,9.894,2.832,1.855,0.716,2.181,1.074,10.727291,6.710362,4.016929,25.725192,27.910413,0.5427218448,0.2300025386493084,1229.0,G,ucla,145.5,145.5,3,3173.5,215.0,3.392,1023.0,74.0,820.5,66.0,1330.0,75.0,True
2023,19,1,Brandin Podziemski,GSW,Santa Clara (So.),United States,Santa Clara,2003-02-25,sleeper,True,20.32,2564,Brandin Podziemski,220,college,219.0,high_gp_verified,,brandin-podziemski-1,2023,exact,32.0,36.0,19.875,8.75,3.65625,1.78125,0.46875,2.28125,2.53125,25.828,28.698,22.083,9.722,4.062,1.979,0.521,2.535,2.812,10.611119,7.906121,2.704998,26.399546,25.557772,0.6018168055,0.215165625,1152.0,G,santa-clara,196.3,196.3,3,3659.0,219.0,3.9072,1140.0,73.0,1069.0,64.0,1450.0,82.0,True
2023,20,1,Cam Whitmore,HOU,Villanova (Fr.),United States,Villanova,2004-07-08,sleeper,True,18.954,2573,Cam Whitmore,119,college,118.0,high_gp_verified,,cam-whitmore-1,2023,exact,26.0,27.2692307692,12.5384615385,5.3076923077,0.7307692308,1.4230769231,0.3461538462,1.6153846154,1.4230769231,14.942,21.918,18.392,7.786,1.072,2.087,0.508,2.37,2.087,6.186299,3.666888,2.519411,20.535541,25.621959,0.5711282411,0.1299820028208744,709.0,F,villanova,131.4,131.4,3,1288.0,118.0,1.3593,563.5,46.0,519.0,51.0,205.5,21.0,True
2023,21,1,Noah Clowney,BRK,Alabama (Fr.),United States,Alabama,2004-07-14,sleeper,True,18.938,2571,Noah Clowney,135,college,134.0,high_gp_verified,,noah-clowney-1,2023,exact,36.0,25.4166666667,9.7777777778,7.9166666667,0.8055555556,0.5833333333,0.9444444444,1.2777777778,0.9444444444,15.861,24.962,15.388,12.459,1.268,0.918,1.486,2.011,1.486,8.28087,3.734588,4.546282,18.55923,17.97703,0.5756807589,0.188599781420765,915.0,F,alabama,223.4,223.4,3,1629.0,134.0,1.7556,191.5,22.0,512.5,46.0,925.0,66.0,True
2023,22,1,Dariq Whitehead,BRK,Duke (Fr.),United States,Duke,2004-08-01,sleeper,True,18.888,2570,Dariq Whitehead,28,college,28.0,high_gp_verified,,dariq-whitehead-1,2023,exact,28.0,20.6071428571,8.25,2.4285714286,0.9642857143,0.75,0.2142857143,1.3928571429,1.5,8.804,17.088,16.014,4.714,1.872,1.456,0.416,2.704,2.912,3.969266,1.625763,2.343503,14.072507,22.351964,0.5479777013,0.116913136915078,577.0,F,duke,203.9,203.9,3,219.5,28.0,0.2351,10.5,2.0,117.5,20.0,91.5,6.0,True
2023,23,1,Kris Murray,POR,Iowa (Jr.),United States,Iowa,2000-08-19,sleeper,True,22.839,2587,Kris Murray,188,college,187.0,high_gp_verified,,kris-murray-1,2023,exact,29.0,34.8620689655,20.2068965517,7.9310344828,2.0,1.0344827586,1.1724137931,1.5172413793,2.275862069,24.069,27.616,23.185,9.1,2.295,1.187,1.345,1.741,2.611,8.931039,8.39789,0.533149,25.912968,26.987292,0.5722097451,0.186658081107814,1011.0,F,iowa,188.2,188.2,3,1635.0,187.0,1.7416,589.5,61.0,473.0,69.0,572.5,57.0,True
2023,24,1,Olivier-Maxence Prosper,SAC,Marquette (Jr.),Canada,Marquette,2002-07-03,sleeper,True,20.969,2585,Olivier-Maxence Prosper,145,college,144.0,high_gp_verified,,olivier-maxence-prosper-1,2023,exact,36.0,29.1388888889,12.5,4.6666666667,0.6666666667,0.9166666667,0.1388888889,1.3888888889,1.0833333333,12.847,17.636,17.159,6.406,0.915,1.258,0.191,1.907,1.487,3.231326,2.94069,0.290636,17.883153,20.329481,0.6169031462,0.1517958436606292,1049.0,G,marquette,218.2,218.2,3,1094.0,144.0,1.1775,170.5,39.0,326.5,52.0,597.0,53.0,True
2023,25,1,Marcus Sasser,MEM,Houston (Sr.),United States,Houston,2000-09-21,sleeper,True,22.749,2567,Marcus Sasser,166,college,165.0,high_gp_verified,,marcus-sasser-1,2023,exact,36.0,30.7777777778,16.7777777778,2.8333333333,3.0833333333,1.6111111111,0.1666666667,1.5833333333,2.6666666667,17.611,22.888,21.805,3.682,4.007,2.094,0.217,2.058,3.466,12.013271,7.677376,4.335895,24.933099,26.143589,0.5971624895,0.2610534657039711,1108.0,G,houston,241.0,241.0,3,1410.5,165.0,1.4892,707.5,70.0,449.5,57.0,253.5,38.0,True
2023,26,1,Ben Sheppard,IND,Belmont (Sr.),United States,Belmont,2001-07-16,sleeper,True,21.933,2562,Ben Sheppard,185,college,184.0,high_gp_verified,,ben-sheppard-1,2023,exact,32.0,34.375,18.84375,5.21875,2.90625,1.375,0.15625,2.1875,2.5,19.672,22.891,21.927,6.073,3.382,1.6,0.182,2.545,2.909,3.554852,3.971229,-0.416377,21.823063,27.677662,0.5818497612,0.1576495636363636,1100.0,G,belmont,279.9,279.9,3,1521.0,184.0,1.6267,339.5,56.0,548.0,63.0,633.5,65.0,True
2023,27,1,Nick Smith Jr.,CHO,Arkansas (Fr.),United States,Arkansas,2004-04-18,sleeper,True,19.176,2569,Nick Smith,141,college,140.0,high_gp_verified,,nick-smith-jr-1,2023,exact,17.0,25.7647058824,12.5294117647,1.6470588235,1.7058823529,0.8235294118,0.1176470588,1.5882352941,1.4117647059,10.618,16.484,19.452,2.557,2.648,1.279,0.183,2.466,2.192,0.689094,0.957891,-0.268797,13.049689,28.69635,0.4717607973,0.0824493150684931,438.0,G,arkansas,220.7,220.7,3,1039.5,140.0,1.0985,285.5,50.0,585.5,60.0,168.5,30.0,True
2023,28,1,Brice Sensabaugh,UTA,Ohio State (Fr.),United States,Ohio State,2003-10-30,sleeper,True,19.644,2581,Brice Sensabaugh,178,college,177.0,high_gp_verified,,brice-sensabaugh-1,2023,exact,33.0,24.5151515152,16.2727272727,5.3636363636,1.1515151515,0.5454545455,0.3939393939,2.0303030303,1.8181818182,15.409,25.142,26.551,8.752,1.879,0.89,0.643,3.313,2.967,8.604869,7.772323,0.832546,26.39313,34.035355,0.5868852459,0.187368454882571,809.0,F,ohio-state,249.9,249.9,3,2087.0,177.0,2.2406,282.5,31.0,789.5,71.0,1015.0,75.0,True
2023,29,1,Julian Strawther,IND,Gonzaga (Jr.),Puerto Rico,Gonzaga,2002-04-18,sleeper,True,21.177,2589,Julian Strawther,172,college,171.0,high_gp_verified,,julian-strawther-1,2023,exact,37.0,31.1891891892,15.2432432432,6.2432432432,1.3243243243,0.8378378378,0.4324324324,1.5135135135,2.1621621622,17.297,22.184,19.549,8.007,1.698,1.075,0.555,1.941,2.773,5.816992,4.869993,0.946999,19.678995,22.180647,0.6017283687,0.1649616291161178,1154.0,G,gonzaga,235.6,235.6,3,1333.5,171.0,1.4208,272.0,49.0,621.0,65.0,440.5,57.0,True
2023,30,1,Kobe Brown,LAC,Missouri (Sr.),United States,Missouri,2000-01-01,sleeper,True,23.472,2579,Kobe Brown,145,college,144.0,high_gp_verified,,kobe-brown-1,2023,exact,34.0,29.5588235294,15.8235294118,6.3529411765,2.5294117647,1.4705882353,0.4411764706,1.6470588235,1.5,19.721,26.687,21.413,8.597,3.423,1.99,0.597,2.229,2.03,8.936489,7.984293,0.952196,26.957409,23.614738,0.6554980201,0.2128654328358209,1005.0,F,missouri,253.8,253.8,3,775.5,144.0,0.8377,142.5,43.0,144.5,40.0,488.5,61.0,True
2023,31,2,James Nnaji,DET,FC Barcelona (Spain),Nigeria,,2004-08-14,sleeper,True,18.853,2598,James Nnaji,0,international_pro,0,medium_name_unique_gp_small_agree,,,,,,,,,,,,,,,,,,,,,,,,,,,,,,,,,,,3,0.0,0,0.0,0.0,0,0.0,0,0.0,0,False
2023,32,2,Jalen Pickett,IND,Penn State (Sr.),United States,Penn State,1999-10-22,sleeper,True,23.666,2619,Jalen Pickett,126,college,126.0,high_gp_verified,,jalen-pickett-1,2023,exact,37.0,36.5675675676,17.7027027027,7.4054054054,6.5675675676,0.9459459459,0.5135135135,2.2702702703,1.2162162162,24.081,26.341,19.364,8.101,7.184,1.035,0.562,2.483,1.33,10.870528,7.968098,2.90243,26.63936,27.305276,0.5765337558,0.2151021433850702,1353.0,G,penn-state,619.2,619.2,3,780.0,126.0,0.8383,61.5,27.0,329.0,49.0,389.5,50.0,True
2023,33,2,Leonard Miller,SAS,NBA G League Ignite (NBA G League),Canada,,2003-11-26,sleeper,True,19.57,2621,Leonard Miller,76,g_league_ignite,76.0,high_gp_verified,,,,,,,,,,,,,,,,,,,,,,,,,,,,,,,,,222.9,222.9,3,526.0,76.0,0.5744,48.5,17.0,25.0,13.0,452.5,46.0,False
2023,34,2,Colby Jones,CHO,Xavier (Jr.),United States,Xavier,2002-05-28,sleeper,True,21.068,2616,Colby Jones,70,college,69.0,high_gp_verified,,colby-jones-1,2023,exact,36.0,33.9722222222,15.0,5.7222222222,4.3888888889,1.3055555556,0.5555555556,2.3333333333,1.25,19.625,23.107,17.661,6.738,5.168,1.537,0.654,2.747,1.472,7.293736,4.756441,2.537295,19.755329,21.882594,0.5795235029,0.1500158953393295,1223.0,G,xavier,582.5,582.5,3,387.5,69.0,0.4068,103.0,29.0,277.5,39.0,7.0,1.0,True
2023,35,2,Julian Phillips,BOS,Tennessee (Fr.),United States,Tennessee,2003-11-05,sleeper,True,19.628,2592,Julian Phillips,167,college,167.0,high_gp_verified,,julian-phillips-1,2023,exact,32.0,24.0625,8.3125,4.6875,1.4375,0.625,0.53125,1.28125,0.34375,11.484,19.091,13.818,7.792,2.39,1.039,0.883,2.13,0.571,5.72204,1.964484,3.757556,16.604661,19.144251,0.5361822213,0.1825916363636364,770.0,F,tennessee,591.9,591.9,3,820.5,167.0,0.8707,121.5,40.0,509.0,79.0,190.0,48.0,True
2023,36,2,Andre Jackson Jr.,ORL,UConn (Jr.),United States,UConn,2001-11-13,sleeper,True,21.604,2611,Andre Jackson,172,college,171.0,high_gp_verified,,andre-jackson-8,2023,exact,36.0,29.1111111111,6.6666666667,6.1944444444,4.6944444444,1.0833333333,0.5,1.9722222222,0.6944444444,15.764,21.66,9.16,8.511,6.45,1.489,0.687,2.71,0.954,7.945846,2.800561,5.145285,15.023802,14.372413,0.5089058524,0.1538427099236641,1048.0,G,connecticut,295.1,295.1,3,873.0,171.0,0.9252,246.0,56.0,429.0,67.0,198.0,48.0,True
2023,37,2,Hunter Tyson,OKC,Clemson (Sr.),United States,Clemson,2000-06-13,sleeper,True,23.023,2618,Hunter Tyson,90,college,89.0,high_gp_verified,,tyson-hunter-1,2023,exact,34.0,34.7058823529,15.2941176471,9.5588235294,1.4705882353,0.9411764706,0.1176470588,1.0294117647,2.4411764706,20.985,24.186,17.627,11.017,1.695,1.085,0.136,1.186,2.814,8.092178,6.117414,1.974764,22.217209,20.123588,0.6314894651,0.2047840677966102,1180.0,F,clemson,298.5,298.5,3,298.0,89.0,0.317,23.0,17.0,192.5,51.0,82.5,21.0,True
2023,38,2,Jordan Walsh,SAC,Arkansas (Fr.),United States,Arkansas,2004-03-03,sleeper,True,19.302,2608,Jordan Walsh,129,college,128.0,high_gp_verified,,jordan-walsh-1,2023,exact,36.0,24.3888888889,7.0833333333,3.9166666667,0.9166666667,1.1111111111,0.4722222222,1.0277777778,0.5555555556,10.792,17.699,11.617,6.424,1.503,1.822,0.774,1.686,0.911,3.811548,0.480963,3.330585,12.759738,16.16192,0.5133883632,0.115381138952164,878.0,F,arkansas,231.0,231.0,3,865.5,128.0,0.9415,35.0,8.0,169.5,52.0,661.0,68.0,True
2023,39,2,Mouhamed Gueye,CHO,Washington State (So.),Senegal,Washington State,2002-11-09,sleeper,True,20.616,2606,Mouhamed Gueye,116,college,115.0,high_gp_verified,,mouhamed-gueye-1,2023,exact,33.0,32.0606060606,14.303030303,8.3636363636,1.8787878788,0.8181818182,0.8484848485,2.3333333333,0.3333333333,18.561,23.157,17.845,10.435,2.344,1.021,1.059,2.911,0.416,5.134123,3.552342,1.581781,21.541013,25.9936,0.5318909173,0.1520189035916824,1058.0,F,washington-state,551.7,551.7,3,1110.0,115.0,1.2003,27.0,5.0,386.0,33.0,697.0,77.0,True
2023,40,2,Maxwell Lewis,DEN,Pepperdine (So.),United States,Pepperdine,2002-07-27,sleeper,True,20.903,2605,Maxwell Lewis,62,college,61.0,high_gp_verified,,maxwell-lewis-1,2023,exact,31.0,31.4193548387,17.064516129,5.6774193548,2.8064516129,0.8387096774,0.8064516129,3.2903225806,1.4838709677,17.758,22.608,21.725,7.228,3.573,1.068,1.027,4.189,1.889,1.752289,1.837255,-0.084966,18.74956,28.160279,0.5668666952,0.1003970020533881,974.0,F,pepperdine,653.7,653.7,3,176.5,61.0,0.1854,13.0,33.0,163.5,28.0,0.0,0,True
2023,41,2,Amari Bailey,CHO,UCLA (Fr.),United States,UCLA,2004-02-17,sleeper,True,19.343,2599,Amari Bailey,10,college,9.0,high_gp_verified,,amari-bailey-1,2023,exact,30.0,26.9333333333,11.1666666667,3.8,2.1666666667,1.1333333333,0.3,2.4333333333,0.7,12.333,18.317,16.584,5.644,3.218,1.683,0.446,3.614,1.04,4.990894,1.669918,3.320976,16.363302,23.673778,0.5529421474,0.1355371782178218,808.0,G,ucla,291.7,291.7,3,11.0,9.0,0.0115,11.0,9.0,0.0,0,0.0,0,True
2023,42,2,Tristan Vukcevic,WAS,Partizan Belgrade (Serbia),Serbia,,2003-03-11,sleeper,True,20.282,2596,Tristan Vukcevic,94,international_pro,94.0,high_gp_verified,,,,,,,,,,,,,,,,,,,,,,,,,,,,,,,,,602.7,602.7,3,993.0,94.0,1.0669,114.5,10.0,382.0,35.0,496.5,49.0,False
2023,43,2,Rayan Rupert,POR,New Zealand Breakers (New Zealand),France,,2004-05-31,sleeper,True,19.058,2615,Rayan Rupert,155,international_pro,154.0,high_gp_verified,,,,,,,,,,,,,,,,,,,,,,,,,,,,,,,,,651.7,651.7,3,950.5,154.0,1.0225,233.0,38.0,195.5,52.0,522.0,64.0,False
2023,44,2,Sidy Cissoko,SAS,NBA G League Ignite (NBA G League),France,,2004-04-02,sleeper,True,19.22,2622,Sidy Cissoko,109,g_league_ignite,108.0,high_gp_verified,,,,,,,,,,,,,,,,,,,,,,,,,,,,,,,,,297.0,297.0,3,678.0,108.0,0.7403,50.5,11.0,48.5,22.0,579.0,75.0,False
2023,45,2,GG Jackson II,MEM,South Carolina (Fr.),United States,South Carolina,2004-12-17,sleeper,True,18.511,2603,GG Jackson,132,college,131.0,high_gp_verified,,gregory-jackson-ii-1,2023,exact,32.0,31.90625,15.40625,5.9375,0.84375,0.75,0.8125,2.6875,1.71875,15.781,19.785,19.314,7.444,1.058,0.94,1.019,3.369,2.155,-0.100582,1.172573,-1.273155,14.932557,30.832558,0.4741296403,0.0395580803134182,1021.0,F,south-carolina,283.8,283.8,3,1665.0,131.0,1.7816,657.5,47.0,248.5,29.0,759.0,55.0,True
2023,46,2,Seth Lundy,ATL,Penn State (Sr.),United States,Penn State,2000-04-02,sleeper,True,23.22,2607,Seth Lundy,9,college,9.0,medium_name_unique_gp_small_agree,,seth-lundy-1,2023,exact,36.0,31.6944444444,14.1666666667,6.25,0.8611111111,0.75,0.5833333333,0.8611111111,2.5555555556,17.278,21.805,17.879,7.888,1.087,0.947,0.736,1.087,3.225,7.683585,6.413525,1.27006,21.1357,22.33434,0.6089188705,0.1679173006134969,1141.0,F,penn-state,628.0,628.0,3,14.5,9.0,0.0151,14.5,9.0,0.0,0,0.0,0,True
2023,47,2,Mojave King,LAL,NBA G League Ignite (NBA G League),New Zealand / United States,,2002-06-11,sleeper,True,21.029,2623,Mojave King,0,g_league_ignite,0,medium_name_unique_gp_small_agree,,,,,,,,,,,,,,,,,,,,,,,,,,,,,,,,,,,3,0.0,0,0.0,0.0,0,0.0,0,0.0,0,False
2023,48,2,Jordan Miller,LAC,Miami (Sr.),United States,Miami (FL),2000-01-23,sleeper,True,23.411,2610,Jordan Miller,105,college,105.0,high_gp_verified,,jordan-miller-2,2023,exact,37.0,34.972972973,15.2972972973,6.2162162162,2.6756756757,1.2162162162,0.4054054054,1.3243243243,0.8648648649,18.892,21.607,17.496,7.11,3.06,1.391,0.464,1.515,0.989,7.551198,6.034845,1.516353,22.951382,19.860373,0.6160544218,0.1856096445131375,1294.0,G,miami-fl,611.2,611.2,3,895.0,105.0,0.9741,11.0,8.0,194.0,37.0,690.0,60.0,True
2023,49,2,Emoni Bates,CLE,Eastern Michigan (So.),United States,Eastern Michigan,2004-01-28,sleeper,True,19.398,2593,Emoni Bates,25,college,24.0,high_gp_verified,,emoni-bates-1,2023,exact,30.0,33.8,19.2333333333,5.7666666667,1.4,0.7333333333,0.5333333333,2.5333333333,2.5333333333,18.05,21.361,22.761,6.824,1.657,0.868,0.631,2.998,2.998,-0.73463,2.345486,-3.080116,18.57224,31.120527,0.527591094,0.069763708086785,1014.0,F,eastern-michigan,161.1,161.1,3,84.5,24.0,0.0885,43.5,14.0,41.0,10.0,0.0,0,True
2023,50,2,Keyontae Johnson,OKC,Kansas State (Sr.),United States,Kansas State,2000-05-24,sleeper,True,23.077,2614,Keyontae Johnson,9,college,9.0,medium_name_unique_gp_small_agree,,keyontae-johnson-1,2023,exact,36.0,34.1111111111,17.4166666667,6.8055555556,2.1388888889,1.0277777778,0.1944444444,2.9444444444,1.3055555556,17.806,20.879,20.423,7.98,2.508,1.205,0.228,3.453,1.531,5.733093,3.808181,1.924912,18.800648,25.775893,0.5929358362,0.1450347231270358,1228.0,F,kansas-state,482.9,482.9,3,18.0,9.0,0.0188,18.0,9.0,0.0,0,0.0,0,True
2023,51,2,Jalen Wilson,BRK,Kansas (Jr.),United States,Kansas,2000-11-04,sleeper,True,22.628,2600,Jalen Wilson,176,college,175.0,high_gp_verified,,jalen-wilson-1,2023,exact,36.0,35.3888888889,20.0833333333,8.25,2.1944444444,0.9444444444,0.4722222222,2.3333333333,1.9444444444,21.958,24.819,22.7,9.325,2.48,1.068,0.534,2.637,2.198,7.293298,5.387811,1.905487,21.047663,29.680402,0.5399350286,0.167780376766091,1274.0,F,kansas,588.0,588.0,3,1530.0,175.0,1.624,290.0,42.0,865.5,79.0,374.5,54.0,True
2023,52,2,Toumani Camara,PHO,Dayton (Sr.),Belgium,Dayton,2000-05-08,sleeper,True,23.121,2613,Toumani Camara,230,college,230.0,high_gp_verified,,toumani-camara-1,2023,exact,34.0,29.9705882353,13.9411764706,8.6470588235,1.7352941176,1.2352941176,0.8235294118,2.0882352941,0.8529411765,19.809,26.438,18.606,11.541,2.316,1.649,1.099,2.787,1.138,7.075755,4.016461,3.059294,24.962445,24.785559,0.6089805357,0.2156331697742885,1019.0,F,dayton,281.4,281.4,3,3605.5,230.0,3.8509,840.5,70.0,1364.5,78.0,1400.5,82.0,True
2023,53,2,Jaylen Clark,MIN,UCLA (Jr.),United States,UCLA,2001-10-13,sleeper,True,21.689,2602,Jaylen Clark,108,college,108.0,high_gp_verified,,jaylen-clark-1,2023,exact,30.0,30.5,12.9666666667,6.0333333333,1.8666666667,2.6,0.2666666667,1.2333333333,0.8666666667,19.317,25.333,17.005,7.913,2.448,3.41,0.35,1.617,1.137,11.904947,5.190637,6.71431,23.37119,21.721452,0.5500565611,0.222807912568306,915.0,G,ucla,,,3,653.5,108.0,0.7068,0.0,0,243.5,40.0,410.0,68.0,True
2023,54,2,Jalen Slawson,SAC,Furman (Sr.),United States,Furman University,1999-10-22,sleeper,True,23.666,2617,Jalen Slawson,25,college,24.0,high_gp_verified,,jalen-slawson-1,2023,exact,36.0,30.6666666667,15.5833333333,7.0833333333,3.1944444444,1.5277777778,1.5277777778,2.5833333333,1.1388888889,22.167,28.913,20.326,9.239,4.167,1.993,1.993,3.37,1.486,7.59881,4.776843,2.821967,26.773435,23.967771,0.6535795421,0.2204611956521739,1104.0,F,furman,526.0,526.0,3,215.0,24.0,0.2356,14.0,11.0,0.0,0,201.0,13.0,True
2023,55,2,Isaiah Wong,IND,Miami (Sr.),United States,Miami (FL),2001-01-28,sleeper,True,22.396,2594,Isaiah Wong,21,college,21.0,high_gp_verified,,isaiah-wong-1,2023,exact,37.0,33.4324324324,16.1621621622,4.3243243243,3.1891891892,1.3783783784,0.3783783784,2.0810810811,1.6486486486,17.851,21.358,19.337,5.174,3.816,1.649,0.453,2.49,1.973,6.100746,4.787331,1.313415,21.270012,24.273699,0.5783645244,0.1649176717865804,1237.0,G,miami-fl,687.5,687.5,3,135.5,21.0,0.1424,1.0,1.0,134.5,20.0,0.0,0,True
2023,56,2,Tarik Biberovic,MEM,Fenerbahçe (Turkey),Bosnia and Herzegovina,,2001-01-28,sleeper,True,22.396,2604,Tarik Biberovic,0,international_pro,0,medium_name_unique_gp_small_agree,,,,,,,,,,,,,,,,,,,,,,,,,,,,,,,,,,,3,0.0,0,0.0,0.0,0,0.0,0,0.0,0,False
2023,57,2,Trayce Jackson-Davis,WAS,Indiana (Sr.),United States,Indiana,2000-02-22,sleeper,True,23.329,2597,Trayce Jackson-Davis,183,college,182.0,high_gp_verified,,trayce-jackson-davis-1,2023,exact,32.0,34.53125,20.9375,10.8125,4.03125,0.84375,2.875,2.53125,0.0,30.219,35.005,24.253,12.525,4.67,0.977,3.33,2.932,0.0,16.019142,10.542667,5.476475,34.1583,29.402655,0.6082614616,0.2607982986425339,1105.0,F,indiana,239.5,239.5,3,1903.5,182.0,2.0103,860.0,67.0,703.5,62.0,340.0,53.0,True
2023,58,2,Chris Livingston,MIL,Kentucky (Fr.),United States,Kentucky,2003-10-15,sleeper,True,19.685,2612,Chris Livingston,45,college,45.0,high_gp_verified,,chris-livingston-1,2023,exact,34.0,22.4117647059,6.3235294118,4.1764705882,0.7058823529,0.4411764706,0.3529411765,0.9117647059,0.5294117647,8.985,16.037,11.286,7.454,1.26,0.787,0.63,1.627,0.945,2.615631,0.970054,1.645577,12.101898,15.70371,0.5127593608,0.0996558005249344,762.0,F,kentucky,617.1,617.1,3,108.0,45.0,0.1137,38.5,21.0,59.0,21.0,10.5,3.0,True
2024,1,1,Zaccharie Risacher,ATL,JL Bourg (France),France,,2005-04-08,sleeper,True,19.217,2737,Zaccharie Risacher,142,international_pro,142.0,high_gp_verified,,,,,,,,,,,,,,,,,,,,,,,,,,,,,,,,,118.4,118.4,2,1816.0,142.0,1.9493,981.0,75.0,835.0,67.0,,,False
2024,2,1,Alex Sarr,WAS,Perth Wildcats (Australia),France,,2005-04-26,sleeper,True,19.168,2733,Alex Sarr,115,international_pro,115.0,high_gp_verified,,,,,,,,,,,,,,,,,,,,,,,,,,,,,,,,,69.3,69.3,2,2370.5,115.0,2.5449,1273.0,67.0,1097.5,48.0,,,False
2024,3,1,Reed Sheppard,HOU,Kentucky (Fr.),United States,Kentucky,2004-06-24,sleeper,True,20.005,2719,Reed Sheppard,134,college,134.0,high_gp_verified,,reed-sheppard-2,2024,exact,33.0,28.9393939394,12.4545454545,4.1212121212,4.4848484848,2.4848484848,0.696969697,2.0,2.2727272727,20.333,28.105,17.215,5.696,6.199,3.435,0.963,2.764,3.141,11.393831,6.424349,4.969482,23.594536,18.01654,0.6992769034,0.1877396858638743,955.0,G,kentucky,73.1,73.1,2,1777.0,134.0,1.9364,362.5,52.0,1414.5,82.0,,,True
2024,4,1,Stephon Castle,SAS,UConn (Fr.),United States,UConn,2004-11-01,sleeper,True,19.65,2722,Stephon Castle,149,college,149.0,high_gp_verified,,stephon-castle-2,2024,exact,34.0,27.0,11.0882352941,4.6764705882,2.9117647059,0.7941176471,0.5294117647,1.5,0.5882352941,14.574,21.59,16.427,6.928,4.314,1.176,0.784,2.222,0.871,6.517633,3.425733,3.0919,19.023167,22.045063,0.5507669832,0.1855383877995642,918.0,G,connecticut,99.1,99.1,2,2766.5,149.0,2.9793,1294.5,81.0,1472.0,68.0,,,True
2024,5,1,Ron Holland,DET,NBA G League Ignite (NBA G League),United States,,2005-07-07,sleeper,True,18.971,2836,Ronald Holland,159,g_league_ignite,159.0,high_gp_verified,,,,,,,,,,,,,,,,,,,,,,,,,,,,,,,,,161.5,161.5,2,1528.0,159.0,1.6497,629.0,81.0,899.0,78.0,,,False
2024,6,1,Tidjane Salaün,CHO,Cholet Basket (France),France,,2005-08-10,sleeper,True,18.877,2736,Tidjane Salaün,97,international_pro,97.0,high_gp_verified,,,,,,,,,,,,,,,,,,,,,,,,,,,,,,,,,185.5,185.5,2,919.5,97.0,0.9824,591.5,60.0,328.0,37.0,,,False
2024,7,1,Donovan Clingan,POR,UConn (So.),United States,UConn,2004-02-23,sleeper,True,20.339,2728,Donovan Clingan,144,college,144.0,high_gp_verified,,donovan-clingan-1,2024,exact,35.0,22.5142857143,13.0,7.3714285714,1.5142857143,0.5142857143,2.4571428571,0.8,0.0571428571,20.557,36.523,23.096,13.096,2.69,0.914,4.365,1.421,0.102,14.997153,8.806098,6.191055,34.751572,25.144789,0.6372102794,0.3022784771573604,788.0,C,connecticut,77.3,77.3,2,2904.0,144.0,3.1422,1053.0,67.0,1851.0,77.0,,,True
2024,8,1,Rob Dillingham,SAS,Kentucky (Fr.),United States,Kentucky,2005-01-04,sleeper,True,19.474,2717,Rob Dillingham,114,college,114.0,high_gp_verified,,rob-dillingham-1,2024,exact,32.0,23.3125,15.1875,2.9375,3.875,1.03125,0.0625,2.0,2.0,15.594,26.756,26.059,5.04,6.649,1.769,0.107,3.432,3.432,6.248455,5.597811,0.650644,23.457127,30.28531,0.5947864398,0.1742982841823056,746.0,G,kentucky,98.8,98.8,2,770.5,114.0,0.8345,263.0,49.0,507.5,65.0,,,True
2024,9,1,Zach Edey,MEM,Purdue (Sr.),Canada,Purdue,2002-05-14,sleeper,True,22.119,2718,Zach Edey,77,college,77.0,high_gp_verified,,zach-edey-1,2024,exact,39.0,32.0,25.2051282051,12.1538461538,2.0256410256,0.2820512821,2.1538461538,2.3076923077,0.0256410256,29.359,36.699,31.506,15.192,2.532,0.353,2.692,2.885,0.032,16.834434,13.11056,3.723874,39.333263,33.396347,0.6587588795,0.335718141025641,1248.0,C,purdue,87.2,87.2,2,1341.5,77.0,1.422,1095.0,66.0,246.5,11.0,,,True
2024,10,1,Cody Williams,UTA,Colorado (Fr.),United States,Colorado,2004-11-20,sleeper,True,19.598,2725,Cody Williams,117,college,117.0,high_gp_verified,,cody-williams-2,2024,exact,24.0,28.375,11.9166666667,3.0,1.5833333333,0.625,0.6666666667,2.0,0.7083333333,11.479,16.182,16.799,4.229,2.232,0.881,0.94,2.819,0.999,3.902082,2.440679,1.461403,15.689899,20.791323,0.6201886588,0.1178195007342144,681.0,F,colorado,167.9,167.9,2,1072.5,117.0,1.1627,342.5,50.0,730.0,67.0,,,True
2024,11,1,Matas Buzelis,CHI,NBA G League Ignite (NBA G League),Lithuania,,2004-10-13,sleeper,True,19.702,2835,Matas Buzelis,157,g_league_ignite,157.0,high_gp_verified,,,,,,,,,,,,,,,,,,,,,,,,,,,,,,,,,159.6,159.6,2,2395.5,157.0,2.591,888.0,80.0,1507.5,77.0,,,False
2024,12,1,Nikola Topić,OKC,KK Crvena zvezda (Serbia),Serbia,,2005-08-10,sleeper,True,18.877,2734,Nikola Topić,10,international_pro,10.0,high_gp_verified,,,,,,,,,,,,,,,,,,,,,,,,,,,,,,,,,,,2,81.0,10.0,0.0891,0.0,0,81.0,10.0,,,False
2024,13,1,Devin Carter,SAC,Providence (Jr.),United States,Providence,2002-03-18,sleeper,True,22.275,2729,Devin Carter,74,college,74.0,high_gp_verified,,devin-carter-3,2024,exact,33.0,35.303030303,19.696969697,8.6666666667,3.6363636364,1.7575757576,0.9696969697,2.696969697,2.5454545455,26.182,29.665,22.318,9.82,4.12,1.991,1.099,3.056,2.884,12.252109,7.287573,4.964536,25.584561,28.079963,0.5971794754,0.2060002746781116,1165.0,G,providence,175.5,175.5,2,675.5,74.0,0.7316,231.0,36.0,444.5,38.0,,,True
2024,14,1,Bub Carrington,POR,Pittsburgh (Fr.),United States,Pitt,2005-07-21,sleeper,True,18.932,2715,Bub Carrington,164,college,164.0,high_gp_verified,,carlton-carrington-1,2024,exact,33.0,33.2121212121,13.8181818182,5.1818181818,4.1212121212,0.5757575758,0.2424242424,1.9393939394,1.9696969697,16.894,20.347,16.642,6.241,4.964,0.693,0.292,2.336,2.372,3.855709,2.551275,1.304434,16.275434,23.017472,0.5300168536,0.1325495620437956,1096.0,G,pittsburgh,153.5,153.5,2,2303.0,164.0,2.4747,1189.5,82.0,1113.5,82.0,,,True
2024,15,1,Kel'el Ware,MIA,Indiana (So.),United States,Indiana,2004-04-20,sleeper,True,20.183,2726,Kel'el Ware,141,college,141.0,high_gp_verified,,kelel-ware-1,2024,exact,30.0,32.1666666667,15.9333333333,9.8666666667,1.5,0.6,1.8666666667,1.5666666667,0.5666666667,22.983,28.58,19.813,12.269,1.865,0.746,2.321,1.948,0.705,8.528228,5.826606,2.701622,24.989726,22.897833,0.621344079,0.1749177616580311,965.0,C,indiana,163.0,163.0,2,2501.5,141.0,2.7008,1028.0,64.0,1473.5,77.0,,,True
2024,16,1,Jared McCain,PHI,Duke (Fr.),United States,Duke,2004-02-20,sleeper,True,20.348,2713,Jared McCain,90,college,90.0,high_gp_verified,,jared-mccain-2,2024,exact,36.0,31.5833333333,14.2777777778,5.0277777778,1.8888888889,1.0555555556,0.0555555556,1.3055555556,2.4166666667,16.181,20.493,18.083,6.368,2.392,1.337,0.07,1.653,3.061,8.529304,5.961063,2.568241,19.448552,21.097457,0.6114316303,0.1818949164467898,1137.0,G,duke,165.0,165.0,2,899.0,90.0,0.9732,315.5,23.0,583.5,67.0,,,True
2024,17,1,Dalton Knecht,LAL,Tennessee (Sr.),United States,Tennessee,2001-04-19,sleeper,True,23.187,2709,Dalton Knecht,132,college,132.0,high_gp_verified,,dalton-knecht-1,2024,exact,36.0,30.5555555556,21.6666666667,4.8888888889,1.8055555556,0.6944444444,0.6388888889,1.6944444444,2.5833333333,19.792,25.909,28.364,6.4,2.364,0.909,0.836,2.218,3.382,11.282971,8.51689,2.766081,24.405325,32.695615,0.5779062014,0.2066281090909091,1100.0,G,tennessee,154.5,154.5,2,980.0,132.0,1.0424,726.0,78.0,254.0,54.0,,,True
2024,18,1,Tristan Da Silva,ORL,Colorado (Sr.),Germany  Brazil,Colorado,2001-05-15,sleeper,True,23.116,2711,Tristan da Silva,151,college,151.0,high_gp_verified,,tristan-dasilva-1,2024,exact,34.0,33.8235294118,16.0,5.0588235294,2.4117647059,1.1470588235,0.5588235294,1.7941176471,1.8823529412,18.029,21.322,18.922,5.983,2.852,1.357,0.661,2.122,2.226,7.131828,4.978237,2.153591,19.770723,22.536972,0.6058918528,0.1642221913043478,1150.0,F,colorado,251.6,251.6,2,1685.5,151.0,1.8187,715.5,74.0,970.0,77.0,,,True
2024,19,1,Ja'Kobe Walter,TOR,Baylor (Fr.),United States,Baylor,2004-09-04,sleeper,True,19.808,2723,Ja'Kobe Walter,124,college,124.0,high_gp_verified,,jakobe-walter-2,2024,exact,35.0,32.3142857143,14.5142857143,4.4285714286,1.4285714286,1.0571428571,0.2285714286,1.3428571429,2.1428571429,15.414,19.08,17.966,5.482,1.768,1.309,0.283,1.662,2.653,5.840186,4.599836,1.24035,17.066998,23.361243,0.5405117838,0.148583023872679,1131.0,G,baylor,263.8,263.8,2,1296.5,124.0,1.3985,559.0,52.0,737.5,72.0,,,True
2024,20,1,Jaylon Tyson,CLE,California (Jr.),United States,California,2002-12-02,sleeper,True,21.566,2712,Jaylon Tyson,113,college,113.0,high_gp_verified,,jaylon-tyson-1,2024,exact,31.0,34.2580645161,19.5806451613,6.7741935484,3.4516129032,1.1935483871,0.4838709677,3.0967741935,1.6129032258,21.081,24.614,22.863,7.91,4.03,1.394,0.565,3.616,1.883,6.848869,5.677689,1.17118,22.22101,30.100739,0.5574432914,0.1325234651600753,1062.0,G,california,259.4,259.4,2,1302.0,113.0,1.4198,244.5,47.0,1057.5,66.0,,,True
2024,21,1,Yves Missi,NOP,Baylor (Fr.),Cameroon,Baylor,2004-05-14,sleeper,True,20.118,2720,Yves Missi,139,college,139.0,high_gp_verified,,yves-missi-2,2024,exact,34.0,22.9411764706,10.7352941176,5.6176470588,0.3823529412,0.5882352941,1.5,1.1470588235,0.0,14.397,25.103,18.718,9.795,0.667,1.026,2.615,2.0,0.0,7.385664,4.980379,2.405285,24.708329,21.791813,0.6216998808,0.1906828205128205,780.0,F,baylor,187.9,187.9,2,2087.0,139.0,2.2348,1238.5,73.0,848.5,66.0,,,True
2024,22,1,DaRon Holmes,PHO,Dayton (Jr.),United States,Dayton,2002-08-15,sleeper,True,21.864,2730,DaRon Holmes,25,college,25.0,high_gp_verified,,daron-holmesii-1,2024,exact,33.0,32.4545454545,20.3636363636,8.5151515152,2.6060606061,0.9393939394,2.0606060606,2.2424242424,0.9696969697,25.545,31.485,25.098,10.495,3.212,1.158,2.54,2.764,1.195,12.29403,8.294232,3.999798,31.691138,31.453128,0.6265442171,0.2599234733893557,1071.0,F,dayton,,,2,111.5,25.0,0.1226,0.0,0,111.5,25.0,,,True
2024,23,1,AJ Johnson,MIL,Illawarra Hawks (Australia),United States,,2004-12-01,sleeper,True,19.567,2738,AJ Johnson,77,international_pro,77.0,high_gp_verified,,,,,,,,,,,,,,,,,,,,,,,,,,,,,,,,,275.9,275.9,2,444.0,77.0,0.4758,256.0,29.0,188.0,48.0,,,False
2024,24,1,Kyshawn George,NYK,Miami (Fr.),Switzerland,Miami (FL),2003-12-12,sleeper,True,20.539,2714,Kyshawn George,116,college,116.0,high_gp_verified,,kyshawn-george-1,2024,exact,31.0,23.0,7.6129032258,3.0322580645,2.1612903226,0.8709677419,0.3548387097,1.5483870968,1.7096774194,10.758,18.71,13.24,5.273,3.759,1.515,0.617,2.693,2.973,3.640826,1.242007,2.398819,13.649515,17.55236,0.5817823247,0.096708667601683,713.0,G,miami-fl,279.9,279.9,2,1867.5,116.0,2.0075,948.0,68.0,919.5,48.0,,,True
2024,25,1,Pacôme Dadiet,NYK,Ratiopharm Ulm (Germany),France,,2005-07-27,sleeper,True,18.916,2732,Pacôme Dadiet,47,international_pro,47.0,high_gp_verified,,,,,,,,,,,,,,,,,,,,,,,,,,,,,,,,,307.8,307.8,2,120.5,47.0,0.1302,47.0,18.0,73.5,29.0,,,False
2024,26,1,Dillon Jones,WAS,Weber State (Sr.),United States,Weber State,2001-10-29,sleeper,True,22.658,2727,Dillon Jones,61,college,61.0,high_gp_verified,,dillon-jones-1,2024,exact,31.0,36.9677419355,20.7741935484,9.8387096774,5.2258064516,1.9677419355,0.0967741935,3.0322580645,1.0967741935,27.097,29.319,22.478,10.646,5.654,2.129,0.105,3.281,1.187,7.716382,5.45101,2.265372,27.905095,29.532658,0.5965724873,0.230322687609075,1146.0,F,weber-state,222.4,222.4,2,293.5,61.0,0.3096,271.5,54.0,22.0,7.0,,,True
2024,27,1,Terrence Shannon Jr.,MIN,Illinois (Sr.),United States,Illinois,2000-07-30,sleeper,True,23.907,2716,Terrence Shannon,75,college,75.0,high_gp_verified,,terrence-shannonjr-1,2024,exact,32.0,33.90625,23.0,4.0,2.28125,1.03125,0.875,2.0,2.40625,20.797,24.535,27.134,4.719,2.691,1.217,1.032,2.359,2.839,11.521714,8.857914,2.6638,26.94391,29.166077,0.6215166357,0.2345091244239631,1085.0,G,illinois,211.2,211.2,2,400.5,75.0,0.4323,167.5,32.0,233.0,43.0,,,True
2024,28,1,Ryan Dunn,DEN,Virginia (So.),United States,Virginia,2003-01-07,sleeper,True,21.467,2710,Ryan Dunn,144,college,144.0,high_gp_verified,,ryan-dunn-1,2024,exact,34.0,27.5,8.1176470588,6.9117647059,0.7647058824,1.2941176471,2.2647058824,0.8235294118,0.2058823529,18.132,26.374,11.807,10.053,1.112,1.882,3.294,1.198,0.299,7.211594,1.574068,5.637526,21.985152,16.788817,0.5642440969,0.1794365347593583,935.0,G,virginia,261.4,261.4,2,1514.0,144.0,1.6282,755.5,74.0,758.5,70.0,,,True
2024,29,1,Isaiah Collier,UTA,USC (Fr.),United States,USC,2004-10-08,sleeper,True,19.715,2724,Isaiah Collier,130,college,130.0,high_gp_verified,,isaiah-collier-2,2024,exact,27.0,29.962962963,16.2962962963,2.8888888889,4.2592592593,1.4814814815,0.2222222222,3.2962962963,1.0,15.907,21.236,21.755,3.857,5.686,1.978,0.297,4.4,1.335,4.162526,3.172502,0.990024,19.258685,29.728006,0.5668642103,0.1104416810877626,809.0,G,southern-california,210.1,210.1,2,1939.0,130.0,2.085,972.5,71.0,966.5,59.0,,,True
2024,30,1,Baylor Scheierman,BOS,Creighton (Sr.),United States,Creighton,2000-09-26,sleeper,True,23.748,2721,Baylor Scheierman,108,college,108.0,high_gp_verified,,baylor-scheierman-1,2024,exact,35.0,36.7714285714,18.4857142857,9.0,3.9428571429,0.9142857143,0.1428571429,2.2285714286,3.1428571429,23.643,25.719,20.109,9.79,4.289,0.995,0.155,2.424,3.419,9.813012,6.695314,3.117698,21.93088,25.451912,0.5961210669,0.1911122921522921,1287.0,G,creighton,282.9,282.9,2,902.5,108.0,0.9828,197.5,31.0,705.0,77.0,,,True
2024,31,2,Jonathan Mogbo,TOR,San Francisco (Jr.),United States,San Francisco,2001-10-29,sleeper,True,22.658,2763,Jonathan Mogbo,103,college,103.0,high_gp_verified,,jonathan-mogbo-1,2024,exact,34.0,28.8529411765,14.2352941176,10.1470588235,3.6470588235,1.5882352941,0.8235294118,1.7647058824,0.0,23.971,33.231,19.735,14.067,5.056,2.202,1.142,2.446,0.0,11.130957,7.025658,4.105299,31.182503,22.732051,0.6480985538,0.2833443425076452,981.0,F,san-francisco,243.4,243.4,2,926.5,103.0,0.9812,775.0,63.0,151.5,40.0,,,True
2024,32,2,Kyle Filipowski,UTA,Duke (So.),United States,Duke,2003-11-07,sleeper,True,20.635,2766,Kyle Filipowski,149,college,149.0,high_gp_verified,,kyle-filipowski-1,2024,exact,36.0,30.4166666667,16.4166666667,8.2777777778,2.7777777778,1.1388888889,1.5,2.1111111111,1.0833333333,22.972,30.21,21.589,10.886,3.653,1.498,1.973,2.776,1.425,11.106078,6.556361,4.549717,26.04488,27.719391,0.5734245379,0.217488,1095.0,C,duke,174.9,174.9,2,2357.0,149.0,2.5424,1018.5,72.0,1338.5,77.0,,,True
2024,33,2,Tyler Smith,MIL,NBA G League Ignite (NBA G League),United States,,2004-11-02,sleeper,True,19.647,2769,Tyler Smith,35,g_league_ignite,35.0,high_gp_verified,,,,,,,,,,,,,,,,,,,,,,,,,,,,,,,,,286.3,286.3,2,160.0,35.0,0.1721,79.0,23.0,81.0,12.0,,,False
2024,34,2,Tyler Kolek,POR,Marquette (Sr.),United States,Marquette,2001-03-27,sleeper,True,23.25,2742,Tyler Kolek,103,college,103.0,high_gp_verified,,tyler-kolek-1,2024,exact,31.0,32.9677419355,15.3225806452,4.935483871,7.7096774194,1.5806451613,0.1612903226,2.8709677419,1.5161290323,21.677,26.301,18.591,5.988,9.354,1.918,0.196,3.483,1.84,10.121836,6.897645,3.224191,24.316743,24.294921,0.6002780235,0.2003255577299413,1022.0,G,marquette,244.8,244.8,2,590.5,103.0,0.6414,162.5,41.0,428.0,62.0,,,True
2024,35,2,Johnny Furphy,SAS,Kansas (Fr.),Australia,Kansas,2004-12-08,sleeper,True,19.548,2744,Johnny Furphy,85,college,85.0,high_gp_verified,,johnny-furphy-1,2024,exact,33.0,24.0909090909,9.0303030303,4.9090909091,1.0,0.8787878788,0.3333333333,0.8484848485,1.3333333333,12.667,21.031,14.994,8.151,1.66,1.459,0.553,1.409,2.214,6.632701,3.804504,2.828197,16.955562,17.566298,0.6094692709,0.1557928050314465,795.0,G,kansas,278.8,278.8,2,524.5,85.0,0.5671,199.0,50.0,325.5,35.0,,,True
2024,36,2,Juan Nunez,IND,Ratiopharm Ulm (Germany),Spain,,2004-06-04,sleeper,True,20.06,2760,Juan Núñez,0,international_pro,0,medium_name_unique_gp_small_agree,,,,,,,,,,,,,,,,,,,,,,,,,,,,,,,,,,,2,0.0,0,0.0,0.0,0,0.0,0,,,False
2024,37,2,Bobi Klintman,MIN,Cairns Taipans (Australia),Sweden,,2003-03-06,sleeper,True,21.309,2837,Bobi Klintman,20,international_pro,20.0,high_gp_verified,,,,,,,,,,,,,,,,,,,,,,,,,,,,,,,,,297.0,297.0,2,65.5,20.0,0.0707,27.5,8.0,38.0,12.0,,,False
2024,38,2,Ajay Mitchell,NYK,UC Santa Barbara (Jr.),Belgium,UC Santa Barbara,2002-06-25,sleeper,True,22.004,2772,Ajay Mitchell,93,college,93.0,high_gp_verified,,ajay-mitchell-1,2024,exact,29.0,31.4827586207,20.0,4.0344827586,3.9655172414,1.1724137931,0.3793103448,2.5517241379,1.1379310345,19.121,24.294,25.411,5.126,5.038,1.49,0.482,3.242,1.446,5.030072,4.646832,0.38324,25.679154,31.120008,0.6119111674,0.1980007447973713,913.0,G,california-santa-barbara,527.5,527.5,2,1206.0,93.0,1.3119,294.5,36.0,911.5,57.0,,,True
2024,39,2,Jaylen Wells,MEM,Washington State (Jr.),United States,Washington State,2003-08-26,sleeper,True,20.835,2753,Jaylen Wells,148,college,148.0,high_gp_verified,,jaylen-wells-1,2024,exact,34.0,29.2058823529,12.5588235294,4.6176470588,1.2352941176,0.5,0.1764705882,0.6764705882,2.0588235294,13.838,18.953,17.2,6.324,1.692,0.685,0.242,0.926,2.82,7.345,5.737583,1.607417,18.622961,20.141567,0.5848113401,0.1808055589123867,993.0,F,washington-state,618.4,618.4,2,1819.5,148.0,1.9559,923.5,79.0,896.0,69.0,,,True
2024,40,2,Oso Ighodaro,POR,Marquette (Sr.),United States,Marquette,2002-07-14,sleeper,True,21.952,2771,Oso Ighodaro,143,college,143.0,high_gp_verified,,oso-ighodaro-1,2024,exact,36.0,32.5,13.4166666667,6.8888888889,2.9166666667,1.0555555556,1.2777777778,1.7777777778,0.0,19.403,23.88,16.513,8.479,3.59,1.299,1.573,2.188,0.0,7.977604,4.541765,3.435839,21.851712,20.726916,0.5899596922,0.1766291965811966,1170.0,F,marquette,538.2,538.2,2,1535.0,143.0,1.6637,499.5,61.0,1035.5,82.0,,,True
2024,41,2,Adem Bona,PHI,UCLA (So.),Turkey,UCLA,2003-03-28,sleeper,True,21.248,2749,Adem Bona,129,college,129.0,high_gp_verified,,adem-bona-1,2024,exact,33.0,26.5151515152,12.3939393939,5.9090909091,1.2424242424,1.1212121212,1.7575757576,2.4848484848,0.0,16.621,25.074,18.697,8.914,1.874,1.691,2.651,3.749,0.0,6.47117,1.929715,4.541455,23.28399,25.040622,0.6191341205,0.1648058514285714,875.0,F,ucla,588.5,588.5,2,1255.5,129.0,1.3526,576.5,58.0,679.0,71.0,,,True
2024,42,2,KJ Simpson,CHO,Colorado (Jr.),United States,Colorado,2002-08-08,sleeper,True,21.884,2751,KJ Simpson,56,college,56.0,high_gp_verified,,kj-simpson-1,2024,exact,37.0,35.0810810811,19.6756756757,5.8108108108,4.8918918919,1.6216216216,0.0540540541,2.1891891892,2.1351351351,22.77,25.963,22.435,6.626,5.578,1.849,0.062,2.496,2.435,10.058216,6.88569,3.172526,24.81744,26.679806,0.6063129841,0.221126594761171,1298.0,G,colorado,999.0,,2,543.0,56.0,0.5777,400.5,36.0,142.5,20.0,,,True
2024,43,2,Nikola Djurisic,MIA,KK Mega Basket (Serbia),Serbia,,2004-02-23,sleeper,False,20.339,2757,Nikola Đurišić,0,international_pro,0,medium_name_unique_gp_small_agree,,,,,,,,,,,,,,,,,,,,,,,,,,,,,,,,,,,2,0.0,0,0.0,0.0,0,0.0,0,,,False
2024,44,2,Pelle Larsson,HOU,Arizona (Sr.),Sweden,Arizona,2001-02-23,sleeper,True,23.337,2768,Pelle Larsson,125,college,125.0,high_gp_verified,,pelle-larsson-1,2024,exact,36.0,30.0833333333,12.75,4.0555555556,3.7222222222,0.9444444444,0.2222222222,1.8888888889,1.2777777778,15.236,20.259,16.953,5.392,4.949,1.256,0.295,2.512,1.699,7.417459,4.085847,3.331612,17.821076,18.75934,0.6217827147,0.1759629916897507,1083.0,G,arizona,506.6,506.6,2,1299.5,125.0,1.4117,356.5,55.0,943.0,70.0,,,True
2024,45,2,Jamal Shead,SAC,Houston (Sr.),United States,Houston,2002-07-24,sleeper,True,21.925,2764,Jamal Shead,157,college,157.0,high_gp_verified,,jamal-shead-1,2024,exact,37.0,31.0810810811,12.9189189189,3.7027027027,6.2972972973,2.1621621622,0.4594594595,2.027027027,1.1621621622,20.257,26.07,16.626,4.765,8.104,2.783,0.591,2.609,1.496,12.6755,6.266131,6.409369,22.630289,25.079214,0.4954394693,0.2199241739130434,1150.0,G,houston,645.4,645.4,2,1731.0,157.0,1.8667,757.5,75.0,973.5,82.0,,,True
2024,46,2,Cam Christie,LAC,Minnesota (Fr.),United States,Minnesota,2005-07-24,sleeper,True,18.924,2765,Cam Christie,68,college,68.0,high_gp_verified,,cam-christie-1,2024,exact,33.0,30.0909090909,11.303030303,3.6060606061,2.2424242424,0.6363636364,0.3333333333,1.1515151515,2.1212121212,13.348,17.744,15.025,4.794,2.981,0.846,0.443,1.531,2.82,2.714962,2.092368,0.622594,13.744675,19.656129,0.5456008191,0.1004681570996979,993.0,G,minnesota,628.4,628.4,2,251.0,68.0,0.2742,38.0,13.0,213.0,55.0,,,True
2024,47,2,Antonio Reeves,ORL,Kentucky (Sr.),United States,Kentucky,2000-11-20,sleeper,True,23.598,2758,Antonio Reeves,54,college,54.0,high_gp_verified,,antonio-reeves-1,2024,exact,33.0,31.4242424242,20.2121212121,4.1515151515,1.6363636364,0.6666666667,0.2424242424,1.2121212121,2.5454545455,17.773,22.623,25.728,5.284,2.083,0.849,0.309,1.543,3.24,7.032511,7.323291,-0.29078,23.616143,25.875058,0.6398388412,0.1821559884281581,1037.0,G,kentucky,659.0,659.0,2,333.0,54.0,0.3514,304.0,44.0,29.0,10.0,,,True
2024,48,2,Harrison Ingram,SAS,North Carolina (Jr.),United States,UNC,2002-11-27,sleeper,True,21.58,2761,Harrison Ingram,12,college,12.0,high_gp_verified,,harrison-ingram-1,2024,exact,37.0,32.7837837838,12.1891891892,8.8378378378,2.1621621622,1.3783783784,0.4054054054,1.3783783784,1.7567567568,20.162,24.6,14.872,10.783,2.638,1.682,0.495,1.682,2.143,8.537241,4.677136,3.860105,18.25769,18.844308,0.5299024791,0.162042769991756,1213.0,F,north-carolina,663.0,663.0,2,28.0,12.0,0.0299,19.0,5.0,9.0,7.0,,,True
2024,49,2,Tristen Newton,IND,UConn (Sr.),United States,UConn,2001-04-26,sleeper,True,23.168,2745,Tristen Newton,9,college,9.0,medium_name_unique_gp_small_agree,,tristen-newton-1,2024,exact,40.0,33.175,15.075,6.575,6.2,0.925,0.3,2.45,1.775,21.2,25.561,18.176,7.928,7.476,1.115,0.362,2.954,2.14,10.367365,7.03618,3.331185,22.382351,24.656697,0.5606173299,0.2237906254709872,1327.0,G,connecticut,527.0,527.0,2,19.5,9.0,0.0211,7.5,8.0,12.0,1.0,,,True
2024,50,2,Enrique Freeman,IND,Akron (Sr.),United States  Puerto Rico,University of Akron,2000-07-29,sleeper,True,23.91,2746,Enrique Freeman,26,college,26.0,high_gp_verified,,enrique-freeman-1,2024,exact,35.0,32.5142857143,18.6285714286,12.9428571429,1.6285714286,0.8,1.7428571429,2.5142857143,0.5714285714,26.743,32.9,22.917,15.923,2.004,0.984,2.144,3.093,0.703,8.312832,5.878386,2.434446,31.097437,27.05131,0.6426177804,0.2631822847100176,1138.0,F,akron,375.5,375.5,2,98.0,26.0,0.1043,70.5,22.0,27.5,4.0,,,True
2024,51,2,Melvin Ajinça,NYK,Saint-Quentin BB (France),France,,2004-06-26,sleeper,True,20.0,2770,Melvin Ajinça,0,international_pro,0,medium_name_unique_gp_small_agree,,,,,,,,,,,,,,,,,,,,,,,,,,,,,,,,,,,2,0.0,0,0.0,0.0,0,0.0,0,,,False
2024,52,2,Quinten Post,GSW,Boston College (Sr.),Netherlands,Boston College,2000-03-21,sleeper,True,24.266,2747,Quinten Post,109,college,109.0,high_gp_verified,,quinten-post-1,2024,exact,35.0,31.8571428571,17.0,8.1142857143,2.8571428571,0.8571428571,1.7428571429,2.4571428571,1.4285714286,22.929,28.789,21.345,10.188,3.587,1.076,2.188,3.085,1.794,9.639573,6.535598,3.103975,25.583314,26.896457,0.60661671,0.1839978834080717,1115.0,F,boston-college,541.0,541.0,2,1181.5,109.0,1.2775,447.5,42.0,734.0,67.0,,,True
2024,53,2,Cam Spencer,DET,UConn (Sr.),United States,UConn,2000-04-06,sleeper,True,24.222,2752,Cam Spencer,97,college,97.0,high_gp_verified,,cam-spencer-1,2024,exact,40.0,32.95,14.325,4.85,3.625,1.475,0.25,1.0,2.475,19.325,23.46,17.39,5.888,4.401,1.791,0.303,1.214,3.005,11.76839,7.230084,4.538306,22.764353,19.044394,0.6398659966,0.2392488315629742,1318.0,G,connecticut,682.0,682.0,2,1234.5,97.0,1.3507,140.5,25.0,1094.0,72.0,,,True
2024,54,2,Anton Watson,BOS,Gonzaga (Sr.),United States,Gonzaga,2000-10-06,sleeper,True,23.721,2759,Anton Watson,9,college,9.0,medium_name_unique_gp_small_agree,,anton-watson-1,2024,exact,35.0,31.2571428571,14.5142857143,7.1428571429,2.5714285714,1.5142857143,0.6571428571,1.3714285714,0.6,20.243,25.905,18.574,9.141,3.291,1.938,0.841,1.755,0.768,9.823246,6.146679,3.676567,24.566042,20.797802,0.6196633325,0.2228763071297989,1094.0,F,gonzaga,999.0,,2,9.0,9.0,0.0095,9.0,9.0,0.0,0,,,True
2024,55,2,Bronny James,LAL,USC (Fr.),United States,USC,2004-10-06,sleeper,True,19.721,2755,Bronny James,69,college,69.0,high_gp_verified,,bronny-james-1,2024,exact,25.0,19.32,4.84,2.84,2.12,0.76,0.2,1.08,0.64,8.54,17.681,10.021,5.88,4.389,1.573,0.414,2.236,1.325,0.671975,-1.444183,2.116158,10.265889,16.192337,0.4721030043,0.0625859213250517,483.0,G,southern-california,183.4,183.4,2,261.5,69.0,0.2832,90.5,27.0,171.0,42.0,,,True
2024,56,2,Kevin McCullar Jr.,PHO,Kansas (Sr.),United States,Kansas,2001-03-15,sleeper,True,23.283,2741,Kevin McCullar,25,college,25.0,high_gp_verified,,kevin-mccullar-1,2024,exact,26.0,34.2307692308,18.3461538462,6.0,4.1153846154,1.5,0.3846153846,2.5384615385,1.5,21.269,24.854,21.438,7.011,4.809,1.753,0.449,2.966,1.753,7.378138,4.52897,2.849168,21.098371,28.032316,0.5668112412,0.1606385168539326,890.0,G,kansas,651.0,651.0,2,104.0,25.0,0.1135,17.0,4.0,87.0,21.0,,,True
2024,57,2,Ulrich Chomche,MEM,APR BBC (Rwanda),Cameroon,,2005-12-30,sleeper,True,18.489,2762,Ulrich Chomche,7,international_pro,7.0,medium_name_unique_gp_small_agree,,,,,,,,,,,,,,,,,,,,,,,,,,,,,,,,,492.8,492.8,2,12.5,7.0,0.0131,12.5,7.0,0.0,0,,,False
2024,58,2,Ariel Hukporti,DAL,MHP Riesen Ludwigsburg (Germany),Germany,,2002-04-12,sleeper,True,22.207,2743,Ariel Hukporti,79,international_pro,79.0,high_gp_verified,,,,,,,,,,,,,,,,,,,,,,,,,,,,,,,,,343.7,343.7,2,388.0,79.0,0.4218,99.0,25.0,289.0,54.0,,,False
2025,1,1,Cooper Flagg,DAL,Duke (Fr.),United States,Duke,2006-12-21,sleeper,True,18.511,4760,Cooper Flagg,70,college,70.0,high_gp_verified,,cooper-flagg-1,2025,exact,37.0,30.6756756757,19.1621621622,7.4864864865,4.2162162162,1.4054054054,1.3513513514,2.1081081081,1.4054054054,25.392,33.11,24.987,9.762,5.498,1.833,1.762,2.749,1.833,16.348814,9.688637,6.660177,30.43634,30.884231,0.5926359343,0.295717885462555,1135.0,F,duke,9.5,9.5,1,1700.5,70.0,1.8699,1700.5,70.0,,,,,True
2025,2,1,Dylan Harper,SAS,Rutgers (Fr.),United States,Rutgers University,2006-03-02,sleeper,True,19.316,4754,Dylan Harper,69,college,69.0,high_gp_verified,,dylan-harper-1,2025,exact,29.0,32.5862068966,19.4482758621,4.5862068966,4.0344827586,1.4482758621,0.5862068966,2.4137931034,1.724137931,20.862,25.608,23.873,5.63,4.952,1.778,0.72,2.963,2.116,9.155089,7.049072,2.106017,24.61283,29.015567,0.5865224626,0.1662593439153439,945.0,G,rutgers,42.2,42.2,1,994.0,69.0,1.093,994.0,69.0,,,,,True
2025,3,1,VJ Edgecombe,PHI,Baylor (Fr.),Bahamas,Baylor,2005-07-30,sleeper,False,19.904,4737,VJ Edgecombe,75,college,75.0,high_gp_verified,,vj-edgecombe-1,2025,fuzzy,33.0,32.7272727273,15.0,5.6060606061,3.2121212121,2.0606060606,0.6060606061,1.9393939394,1.5757575758,20.5,25.056,18.333,6.852,3.926,2.519,0.741,2.37,1.926,11.421241,7.085205,4.336036,22.123427,24.08797,0.5519009923,0.178139037037037,1080.0,G,baylor,60.3,60.3,1,1572.0,75.0,1.7286,1572.0,75.0,,,,,True
2025,4,1,Kon Knueppel,CHO,Duke (Fr.),United States,Duke,2005-08-03,sleeper,True,19.893,4740,Kon Knueppel,81,college,81.0,high_gp_verified,,kon-knueppel-1,2025,exact,39.0,30.4871794872,14.4358974359,4.0,2.7435897436,1.0256410256,0.1538461538,1.358974359,2.1538461538,16.038,21.043,18.94,5.248,3.6,1.346,0.202,1.783,2.826,10.813339,6.881349,3.93199,21.250156,21.442737,0.6415223336,0.2317510513036165,1189.0,G,duke,79.1,79.1,1,1591.5,81.0,1.7501,1591.5,81.0,,,,,True
2025,5,1,Ace Bailey,UTA,Rutgers (Fr.),United States,Rutgers University,2006-08-13,sleeper,True,18.867,4758,Ace Bailey,72,college,72.0,high_gp_verified,,airious-bailey-1,2025,last+initial,30.0,33.3333333333,17.5666666667,7.1666666667,1.2666666667,1.0,1.2666666667,2.0333333333,1.5666666667,20.5,24.6,21.08,8.6,1.52,1.2,1.52,2.44,1.88,4.54366,3.737789,0.805871,19.909375,27.520518,0.5357596706,0.11156336,1000.0,G,rutgers,54.1,54.1,1,1112.0,72.0,1.2228,1112.0,72.0,,,,,True
2025,6,1,Tre Johnson,WAS,Texas (Fr.),United States,Texas,2006-03-07,sleeper,True,19.302,4738,Tre Johnson,60,college,60.0,high_gp_verified,,tre-johnson-2,2025,exact,33.0,34.696969697,19.9393939394,3.1212121212,2.7272727273,0.9393939394,0.303030303,1.8181818182,2.696969697,17.833,20.559,22.987,3.598,3.144,1.083,0.349,2.096,3.109,7.6997,6.478099,1.221601,19.73481,29.084464,0.5566600398,0.1453572751091703,1145.0,G,texas,103.1,103.1,1,727.0,60.0,0.7994,727.0,60.0,,,,,True
2025,7,1,Jeremiah Fears,NOP,Oklahoma (Fr.),United States,Oklahoma,2006-10-14,sleeper,True,18.697,4750,Jeremiah Fears,82,college,82.0,high_gp_verified,,jeremiah-fears-1,2025,exact,34.0,30.2058823529,17.0882352941,4.1470588235,4.1176470588,1.6470588235,0.1176470588,3.4117647059,1.1176470588,17.485,23.155,22.629,5.492,5.453,2.181,0.156,4.518,1.48,5.856909,4.203575,1.653334,20.711204,31.466145,0.5617597293,0.1318768062317429,1027.0,G,oklahoma,116.9,116.9,1,1285.0,82.0,1.413,1285.0,82.0,,,,,True
2025,8,1,Egor Dëmin,BRK,BYU (Fr.),Russia,BYU,2006-03-03,sleeper,True,19.313,4744,Egor Dëmin,52,college,52.0,high_gp_verified,,egor-demin-1,2025,exact,33.0,27.5151515152,10.6363636364,3.8787878788,5.4545454545,1.1515151515,0.3636363636,2.9393939394,1.2727272727,15.379,22.357,15.463,5.639,7.93,1.674,0.529,4.273,1.85,5.303945,3.083328,2.220617,15.631502,24.524362,0.5087693869,0.1033454185022026,908.0,G,brigham-young,132.7,132.7,1,703.0,52.0,0.773,703.0,52.0,,,,,True
2025,9,1,Collin Murray-Boyles,TOR,South Carolina (So.),United States,South Carolina,2005-06-10,sleeper,True,20.041,4755,Collin Murray-Boyles,57,college,57.0,high_gp_verified,,collin-murray-boyles-1,2025,exact,32.0,30.625,16.8125,8.25,2.40625,1.46875,1.34375,2.4375,0.28125,22.391,29.245,21.959,10.776,3.143,1.918,1.755,3.184,0.367,11.932522,6.916959,5.015563,27.775157,26.73687,0.629534285,0.2002276734693877,980.0,F,south-carolina,122.7,122.7,1,800.5,57.0,0.8803,800.5,57.0,,,,,True
2025,10,1,Khaman Maluach,HOU,Duke (Fr.),South Sudan,Duke,2006-09-14,sleeper,True,18.779,4761,Khaman Maluach,46,college,46.0,high_gp_verified,,khaman-maluach-1,2025,exact,39.0,21.2307692308,8.5897435897,6.5897435897,0.5128205128,0.2051282051,1.3076923077,0.7692307692,0.1025641026,13.705,25.821,16.184,12.415,0.966,0.386,2.464,1.449,0.193,9.864526,6.240092,3.624434,25.470565,16.126752,0.7360210919,0.260041690821256,828.0,C,duke,134.8,134.8,1,267.0,46.0,0.2936,267.0,46.0,,,,,True
2025,11,1,Cedric Coward,POR,Washington State (Sr.),United States,Washington State,2003-09-11,sleeper,True,21.788,4748,Cedric Coward,62,college,62.0,high_gp_verified,,cedric-coward-1,2025,exact,6.0,33.0,17.6666666667,7.0,3.6666666667,0.8333333333,1.6666666667,2.1666666667,2.0,23.333,28.283,21.414,8.485,4.444,1.01,2.02,2.626,2.424,9.265815,7.019268,2.246547,25.976998,22.062844,0.6999009574,0.2101852525252525,198.0,F,washington-state,147.1,147.1,1,1043.0,62.0,1.1469,1043.0,62.0,,,,,False
2025,12,1,Noa Essengue,CHI,Ratiopharm Ulm (Germany),France,,2006-12-18,sleeper,True,18.519,4736,Noa Essengue,2,international_pro,2.0,medium_name_unique_gp_small_agree,,,,,,,,,,,,,,,,,,,,,,,,,,,,,,,,,175.9,175.9,1,2.0,2.0,0.0022,2.0,2.0,,,,,False
2025,13,1,Derik Queen,ATL,Maryland (Fr.),United States,Maryland,2004-12-27,sleeper,True,20.493,4751,Derik Queen,81,college,81.0,high_gp_verified,,derik-queen-1,2025,exact,36.0,30.3611111111,16.5,8.9722222222,1.8611111111,1.0833333333,1.0833333333,2.3611111111,0.1944444444,21.153,27.868,21.738,11.821,2.452,1.427,1.427,3.111,0.256,9.233873,5.052269,4.181604,24.699472,26.590115,0.5909859715,0.2156,1093.0,C,maryland,119.3,119.3,1,1487.5,81.0,1.6357,1487.5,81.0,,,,,True
2025,14,1,Carter Bryant,SAS,Arizona (Fr.),United States,Arizona,2005-11-26,sleeper,True,19.578,4753,Carter Bryant,71,college,71.0,high_gp_verified,,carter-bryant-1,2025,exact,37.0,19.2972972973,6.5405405405,4.1081081081,0.972972973,0.9459459459,1.0,1.0,1.0540540541,11.77,24.398,13.557,8.515,2.017,1.961,2.073,2.073,2.185,8.810773,3.507694,5.303079,16.633734,16.356121,0.5930645754,0.1415467226890756,714.0,G,arizona,150.4,150.4,1,449.0,71.0,0.4937,449.0,71.0,,,,,True
2025,15,1,Thomas Sorber,OKC,Georgetown (Fr.),United States,Georgetown,2005-12-25,sleeper,True,19.499,4762,Thomas Sorber,0,college,0,medium_name_unique_gp_small_agree,,thomas-sorber-1,2025,exact,24.0,31.3333333333,14.5,8.4583333333,2.4166666667,1.4583333333,2.0416666667,2.25,0.25,23.0,29.362,18.511,10.798,3.085,1.862,2.606,2.872,0.319,8.461741,4.056935,4.404806,24.664503,23.647814,0.5802417674,0.1794864361702128,752.0,F,georgetown,,,1,0.0,0,0.0,0.0,0,,,,,True
2025,16,1,Yang Hansen,MEM,Qingdao Eagles (China),China,,2005-06-26,sleeper,True,19.997,4763,Yang Hansen,43,international_pro,43.0,high_gp_verified,,,,,,,,,,,,,,,,,,,,,,,,,,,,,,,,,156.3,156.3,1,136.0,43.0,0.1496,136.0,43.0,,,,,False
2025,17,1,Joan Beringer,MIN,Cedevita Olimpija (Slovenia),France,,2006-11-11,sleeper,True,18.62,4747,Joan Beringer,40,international_pro,40.0,high_gp_verified,,,,,,,,,,,,,,,,,,,,,,,,,,,,,,,,,218.6,218.6,1,242.0,40.0,0.2661,242.0,40.0,,,,,False
2025,18,1,Walter Clayton,WAS,Florida (Sr.),United States,Florida,2003-03-06,sleeper,True,22.305,4757,Walter Clayton,69,college,69.0,high_gp_verified,,walter-claytonjr-1,2025,exact,39.0,32.5897435897,18.2820512821,3.6923076923,4.1794871795,1.1794871795,0.5128205128,2.4102564103,3.0,19.487,23.918,22.439,4.532,5.13,1.448,0.629,2.958,3.682,11.21117,7.820735,3.390435,21.567714,25.643077,0.6017893315,0.2060986939417781,1271.0,G,florida,183.3,183.3,1,739.5,69.0,0.8132,739.5,69.0,,,,,True
2025,19,1,Nolan Traoré,BRK,Saint-Quentin (France),France,,2006-05-28,sleeper,True,19.077,4742,Nolan Traore,56,international_pro,56.0,high_gp_verified,,,,,,,,,,,,,,,,,,,,,,,,,,,,,,,,,236.3,236.3,1,600.0,56.0,0.6598,600.0,56.0,,,,,False
2025,20,1,Kasparas Jakučionis,MIA,Illinois (Fr.),Lithuania,Illinois,2006-05-29,sleeper,True,19.075,4759,Kasparas Jakučionis,53,college,53.0,high_gp_verified,,kasparas-jakucionis-1,2025,exact,33.0,31.8484848485,14.9696969697,5.696969697,4.7272727273,0.8787878788,0.2727272727,3.7272727273,1.6363636364,17.303,21.732,18.801,7.155,5.937,1.104,0.343,4.681,2.055,6.644079,4.008321,2.635758,17.433948,24.198133,0.5897803247,0.1412979638439581,1051.0,G,illinois,171.6,171.6,1,504.0,53.0,0.5542,504.0,53.0,,,,,True
2025,21,1,Will Riley,UTA,Illinois (Fr.),Canada,Illinois,2006-02-10,sleeper,True,19.37,4739,Will Riley,74,college,74.0,high_gp_verified,,will-riley-1,2025,exact,35.0,25.6857142857,12.6,4.1428571429,2.2285714286,0.2571428571,0.2857142857,1.2,1.3428571429,13.229,20.601,19.622,6.452,3.471,0.4,0.445,1.869,2.091,6.480508,4.816162,1.664346,17.368187,23.814746,0.5324800773,0.14630340378198,899.0,F,illinois,294.1,294.1,1,817.0,74.0,0.8984,817.0,74.0,,,,,True
2025,22,1,Drake Powell,ATL,North Carolina (Fr.),United States,UNC,2005-09-08,sleeper,True,19.795,4745,Drake Powell,63,college,63.0,high_gp_verified,,drake-powell-1,2025,exact,37.0,25.5945945946,7.4324324324,3.3783783784,1.0810810811,0.7027027027,0.6756756757,0.7297297297,0.972972973,10.689,16.705,11.616,5.28,1.69,1.098,1.056,1.14,1.521,6.11466,2.769883,3.344777,12.936742,13.849979,0.5810268329,0.1059740232312566,947.0,G,north-carolina,290.9,290.9,1,475.5,63.0,0.5229,475.5,63.0,,,,,True
2025,23,1,Asa Newell,IND,Georgia (Fr.),United States,Georgia,2005-10-05,sleeper,True,19.721,4749,Asa Newell,44,college,44.0,high_gp_verified,,asa-newell-1,2025,exact,33.0,29.0303030303,15.4242424242,6.8787878788,0.8787878788,1.0,0.9696969697,1.1212121212,0.7878787879,18.682,25.741,21.253,9.478,1.211,1.378,1.336,1.545,1.086,9.606073,7.618581,1.987492,26.106015,23.5403,0.6115950736,0.2175829227557411,958.0,F,georgia,212.3,212.3,1,295.0,44.0,0.3244,295.0,44.0,,,,,True
2025,24,1,Nique Clifford,OKC,Colorado State (Sr.),United States,Colorado State,2002-02-09,sleeper,True,23.373,4764,Nique Clifford,75,college,75.0,high_gp_verified,,nique-clifford-1,2025,exact,36.0,35.3888888889,18.9166666667,9.6111111111,4.4444444444,1.1944444444,0.6111111111,2.5833333333,1.8333333333,25.458,28.776,21.381,10.863,5.024,1.35,0.691,2.92,2.072,11.050994,7.235432,3.815562,25.098382,27.733887,0.6026282023,0.2198901098901099,1274.0,G,colorado-state,204.6,204.6,1,890.0,75.0,0.9787,890.0,75.0,,,,,True
2025,25,1,Jase Richardson,ORL,Michigan State (Fr.),United States,Michigan State,2005-10-16,sleeper,True,19.691,4765,Jase Richardson,54,college,54.0,high_gp_verified,,jase-richardson-1,2025,exact,36.0,25.3333333333,12.1388888889,3.3055555556,1.8888888889,0.8333333333,0.3055555556,0.8333333333,1.3055555556,13.361,21.096,19.167,5.219,2.982,1.316,0.482,1.316,2.061,11.591898,6.524918,5.06698,20.654575,20.589172,0.6243749107,0.2086716666666666,912.0,G,michigan-state,219.4,219.4,1,275.5,54.0,0.3029,275.5,54.0,,,,,True
2025,26,1,Ben Saraf,BRK,Ratiopharm Ulm (Germany),Israel,,2006-04-14,sleeper,True,19.198,4746,Ben Saraf,44,international_pro,44.0,high_gp_verified,,,,,,,,,,,,,,,,,,,,,,,,,,,,,,,,,257.1,257.1,1,409.5,44.0,0.4503,409.5,44.0,,,,,False
2025,27,1,Danny Wolf,BRK,Michigan (Jr.),United States  Israel,Michigan,2004-05-05,sleeper,True,21.139,4743,Danny Wolf,57,college,57.0,high_gp_verified,,danny-wolf-1,2025,exact,37.0,30.4864864865,13.2162162162,9.7297297297,3.5675675676,0.6756756757,1.3513513514,3.2432432432,1.027027027,21.23,27.855,17.34,12.766,4.681,0.887,1.773,4.255,1.348,9.549307,4.340781,5.208526,19.418198,24.177347,0.5592726025,0.1443635815602837,1128.0,F,michigan,209.6,209.6,1,753.0,57.0,0.828,753.0,57.0,,,,,True
2025,28,1,Hugo González,BOS,Real Madrid (Spain),Spain,,2006-02-05,sleeper,True,19.384,4752,Hugo González,74,international_pro,74.0,high_gp_verified,,,,,,,,,,,,,,,,,,,,,,,,,,,,,,,,,258.3,258.3,1,543.5,74.0,0.5977,543.5,74.0,,,,,False
2025,29,1,Liam McNeeley,PHO,UConn (Fr.),United States,UConn,2005-10-10,sleeper,True,19.707,4741,Liam McNeeley,31,college,31.0,high_gp_verified,,liam-mcneeley-1,2025,exact,27.0,32.1111111111,14.5185185185,5.962962963,2.2592592593,0.5555555556,0.2222222222,1.8518518519,1.7037037037,16.037,19.977,18.085,7.428,2.814,0.692,0.277,2.307,2.122,3.402328,2.621684,0.780644,16.124572,25.586648,0.5292648349,0.1315300576701268,867.0,F,connecticut,260.7,260.7,1,182.0,31.0,0.2001,182.0,31.0,,,,,True
2025,30,1,Yanic Konan Niederhäuser,LAC,Penn State (Jr.),Switzerland,Penn State,2003-03-14,sleeper,True,22.283,4756,Yanic Konan Niederhäuser,41,college,41.0,high_gp_verified,,yanic-konan-niederhauser-1,2025,exact,29.0,25.1034482759,12.8965517241,6.3448275862,0.7586206897,0.6551724138,2.3103448276,1.6551724138,0.0344827586,17.845,28.434,20.549,10.11,1.209,1.044,3.681,2.637,0.055,6.060486,2.918837,3.141649,24.302733,23.462077,0.631276901,0.1791251098901099,728.0,F,penn-state,267.0,267.0,1,266.5,41.0,0.2931,266.5,41.0,,,,,True
2025,31,2,Rasheer Fleming,MIN,Saint Joseph's (Jr.),United States,Saint Joseph's,2004-07-10,sleeper,True,20.958,4791,Rasheer Fleming,55,college,55.0,high_gp_verified,,rasheer-fleming-1,2025,exact,35.0,31.2571428571,14.6571428571,8.5428571429,1.2571428571,1.4,1.5428571429,1.5428571429,1.7714285714,22.357,28.611,18.757,10.932,1.609,1.792,1.974,1.974,2.267,7.693276,4.543908,3.149368,24.086796,21.161927,0.6380993843,0.205851297989031,1094.0,F,saint-josephs,247.6,247.6,1,342.5,55.0,0.3766,342.5,55.0,,,,,True
2025,32,2,Noah Penda,BOS,Le Mans Sarthe (France),France,,2005-01-07,sleeper,True,20.463,4794,Noah Penda,59,international_pro,59.0,high_gp_verified,,,,,,,,,,,,,,,,,,,,,,,,,,,,,,,,,641.4,641.4,1,443.5,59.0,0.4877,443.5,59.0,,,,,False
2025,33,2,Sion James,CHO,Duke (Sr.),United States,Duke,2002-12-04,sleeper,True,22.557,4778,Sion James,82,college,82.0,high_gp_verified,,sion-james-1,2025,exact,39.0,25.5384615385,8.6153846154,4.1794871795,2.9487179487,0.8205128205,0.2564102564,1.2051282051,0.7948717949,12.782,20.02,13.494,6.546,4.618,1.285,0.402,1.888,1.245,9.293759,4.345769,4.94799,17.930526,16.213331,0.6351606805,0.2034869879518072,996.0,G,duke,571.9,571.9,1,795.0,82.0,0.8742,795.0,82.0,,,,,True
2025,34,2,Ryan Kalkbrenner,CHO,Creighton (Sr.),United States,Creighton,2002-01-17,sleeper,True,23.436,4777,Ryan Kalkbrenner,69,college,69.0,high_gp_verified,,ryan-kalkbrenner-1,2025,exact,35.0,34.4571428571,19.2,8.6571428571,1.5428571429,0.5428571429,2.6571428571,1.4571428571,0.6,25.043,29.071,22.289,10.05,1.791,0.63,3.085,1.692,0.697,12.156622,7.74534,4.411282,29.099234,23.624506,0.6843177189,0.2362115091210613,1206.0,C,creighton,175.2,175.2,1,900.5,69.0,0.9902,900.5,69.0,,,,,True
2025,35,2,Johni Broome,PHI,Auburn (Sr.),United States,Auburn,2002-07-19,sleeper,True,22.935,4774,Johni Broome,11,college,11.0,high_gp_verified,,johni-broome-1,2025,exact,36.0,30.2222222222,18.5833333333,10.8055555556,2.8888888889,0.9444444444,2.1111111111,1.5833333333,0.6944444444,27.861,36.875,24.596,14.301,3.824,1.25,2.794,2.096,0.919,14.340857,9.607025,4.733832,30.937929,30.414962,0.5470379002,0.2496623161764706,1088.0,F,auburn,261.8,261.8,1,32.0,11.0,0.0352,32.0,11.0,,,,,True
2025,36,2,Adou Thiero,BRK,Arkansas (Jr.),United States,Arkansas,2004-05-08,sleeper,True,21.131,4781,Adou Thiero,25,college,25.0,high_gp_verified,,adou-thiero-1,2025,exact,27.0,27.5185185185,15.0740740741,5.8148148148,1.8888888889,1.6296296296,0.7407407407,1.7037037037,0.4074074074,18.481,26.864,21.911,8.452,2.746,2.369,1.077,2.476,0.592,10.603039,5.891172,4.711867,25.116256,25.83796,0.6054295277,0.2030720861372813,743.0,G,arkansas,301.2,301.2,1,73.0,25.0,0.0803,73.0,25.0,,,,,True
2025,37,2,Chaz Lanier,DET,Tennessee (Sr.),United States,Tennessee,2001-12-19,sleeper,True,23.515,4776,Chaz Lanier,34,college,34.0,high_gp_verified,,chaz-lanier-1,2025,exact,38.0,31.3684210526,18.0,3.8947368421,1.0526315789,0.8947368421,0.1315789474,1.1052631579,3.2368421053,16.513,21.057,22.953,4.966,1.342,1.141,0.168,1.409,4.128,8.865702,6.144437,2.721265,19.487802,28.754021,0.5597152326,0.1731601006711409,1192.0,G,tennessee,622.5,622.5,1,104.5,34.0,0.1149,104.5,34.0,,,,,True
2025,38,2,Kam Jones,SAS,Marquette (Sr.),United States,Marquette,2002-02-25,sleeper,True,23.329,4770,Kam Jones,37,college,37.0,high_gp_verified,,kam-jones-1,2025,last+initial,34.0,33.7941176471,19.2058823529,4.4705882353,5.8823529412,1.3823529412,0.2647058824,1.8529411765,1.8823529412,22.338,26.44,22.733,5.292,6.963,1.636,0.313,2.193,2.228,10.640466,7.334143,3.306323,24.465159,28.936528,0.5507759784,0.2020003829416884,1149.0,G,marquette,639.8,639.8,1,276.0,37.0,0.3035,276.0,37.0,,,,,True
2025,39,2,Alijah Martin,TOR,Florida (Sr.),United States,Florida,2001-12-26,sleeper,True,23.496,4786,Alijah Martin,23,college,23.0,high_gp_verified,,alijah-martin-1,2025,exact,38.0,30.3947368421,14.3684210526,4.4736842105,2.1578947368,1.4736842105,0.1842105263,1.4473684211,2.0789473684,16.724,22.009,18.909,5.887,2.84,1.939,0.242,1.905,2.736,9.789964,5.84303,3.946934,19.409846,21.730166,0.5764662408,0.1844739047619048,1155.0,G,florida,684.8,684.8,1,78.5,23.0,0.0863,78.5,23.0,,,,,True
2025,40,2,Micah Peavy,WAS,Georgetown (Sr.),United States,Georgetown,2001-07-16,sleeper,True,23.943,4783,Micah Peavy,61,college,61.0,high_gp_verified,,micah-peavy-1,2025,exact,32.0,37.0,17.1875,5.78125,3.5625,2.3125,0.5,2.59375,1.625,21.781,23.547,18.581,6.25,3.851,2.5,0.541,2.804,1.757,6.322373,3.12527,3.197103,19.71482,24.669,0.5519594561,0.1433740878378378,1184.0,G,georgetown,590.8,590.8,1,409.0,61.0,0.4497,409.0,61.0,,,,,True
2025,41,2,Koby Brea,GSW,Kentucky (Sr.),Dominican Republic,Kentucky,2002-11-06,sleeper,True,22.634,4790,Koby Brea,12,college,12.0,high_gp_verified,,koby-brea-1,2025,exact,36.0,28.0555555556,11.6388888889,3.1944444444,1.3333333333,0.4722222222,0.3333333333,0.4722222222,2.5833333333,12.778,18.218,16.594,4.554,1.901,0.673,0.475,0.673,3.683,7.096746,5.777657,1.319089,16.059367,16.683117,0.6355707243,0.1307172673267326,1010.0,G,kentucky,538.9,538.9,1,47.0,12.0,0.0517,47.0,12.0,,,,,True
2025,42,2,Maxime Raynaud,SAC,Stanford (Sr.),France,Stanford,2003-04-07,sleeper,True,22.218,4793,Maxime Raynaud,74,college,74.0,high_gp_verified,,maxime-raynaud-1,2025,exact,35.0,33.5142857143,20.2,10.6,1.6571428571,0.8571428571,1.4285714286,2.4,1.9142857143,25.486,30.418,24.109,12.651,1.978,1.023,1.705,2.864,2.285,6.959648,6.15675,0.802898,25.604203,31.508029,0.558187273,0.1700126172208014,1173.0,F,stanford,235.1,235.1,1,1209.0,74.0,1.3295,1209.0,74.0,,,,,True
2025,43,2,Jamir Watkins,UTA,Florida State (Sr.),United States,Florida State,2001-07-06,sleeper,True,23.97,4775,Jamir Watkins,50,college,50.0,high_gp_verified,,jamir-watkins-1,2025,exact,32.0,30.9375,18.4375,5.6875,2.375,1.1875,0.53125,2.6875,1.65625,18.859,24.384,23.838,7.354,3.071,1.535,0.687,3.475,2.141,5.584485,3.965733,1.618752,20.441701,31.121219,0.5551634909,0.1476710707070707,990.0,F,florida-state,413.0,413.0,1,580.5,50.0,0.6383,580.5,50.0,,,,,True
2025,44,2,Brooks Barnhizer,OKC,Northwestern (Sr.),United States,Northwestern,2002-03-02,sleeper,True,23.316,4792,Brooks Barnhizer,40,college,40.0,high_gp_verified,,brooks-barnhizer-1,2025,exact,17.0,36.9411764706,17.1176470588,8.8235294118,4.2352941176,2.2941176471,1.1176470588,2.7647058824,1.0,26.176,28.344,18.535,9.554,4.586,2.484,1.21,2.994,1.083,9.744761,4.801504,4.943257,21.616492,28.083027,0.4995279375,0.1404246496815286,628.0,G,northwestern,543.4,543.4,1,163.5,40.0,0.1798,163.5,40.0,,,,,True
2025,45,2,Rocco Zikarsky,CHI,Brisbane Bullets (Australia),Australia,,2006-07-11,sleeper,True,18.957,4779,Rocco Zikarsky,5,international_pro,5.0,medium_name_unique_gp_small_agree,,,,,,,,,,,,,,,,,,,,,,,,,,,,,,,,,581.0,581.0,1,32.0,5.0,0.0352,32.0,5.0,,,,,False
2025,46,2,Amari Williams,ORL,Kentucky (Sr.),United Kingdom,Kentucky,2002-01-28,sleeper,True,23.406,4784,Amari Williams,22,college,22.0,high_gp_verified,,amari-williams-2,2025,exact,36.0,22.7777777778,10.8611111111,8.5,3.1944444444,0.5555555556,1.2222222222,2.2777777778,0.0277777778,18.417,32.341,19.073,14.927,5.61,0.976,2.146,4.0,0.049,9.886011,5.15716,4.728851,24.100995,24.597696,0.5872193437,0.1729703902439024,820.0,F,kentucky,663.8,663.8,1,80.0,22.0,0.088,80.0,22.0,,,,,True
2025,47,2,Bogoljub Markovic,MIL,Mega Basket (Serbia),Serbia,,2005-07-12,sleeper,True,19.953,4789,Bogoljub Marković,0,international_pro,0,medium_name_unique_gp_small_agree,,,,,,,,,,,,,,,,,,,,,,,,,,,,,,,,,,,1,0.0,0,0.0,0.0,0,,,,,False
2025,48,2,Javon Small,MEM,West Virginia (Sr.),United States,West Virginia,2002-12-19,sleeper,True,22.516,4780,Javon Small,41,college,41.0,high_gp_verified,,javon-small-1,2025,exact,32.0,36.125,18.59375,4.09375,5.625,1.53125,0.34375,2.71875,2.59375,21.344,23.633,20.588,4.533,6.228,1.696,0.381,3.01,2.872,10.628616,6.999596,3.62902,22.344932,28.174843,0.5756022057,0.1876687543252595,1156.0,G,west-virginia,499.6,499.6,1,539.0,41.0,0.5927,539.0,41.0,,,,,True
2025,49,2,Tyrese Proctor,CLE,Duke (Jr.),Australia,Duke,2004-04-01,sleeper,True,21.232,4768,Tyrese Proctor,50,college,50.0,high_gp_verified,,tyrese-proctor-1,2025,exact,38.0,29.9210526316,12.3684210526,3.0263157895,2.2368421053,0.7894736842,0.1052631579,1.0526315789,2.3421052632,13.355,17.854,16.535,4.046,2.99,1.055,0.141,1.407,3.131,7.430184,4.372833,3.057351,16.066606,20.090105,0.5865834633,0.1744639577836412,1137.0,G,duke,255.9,255.9,1,312.0,50.0,0.3431,312.0,50.0,,,,,True
2025,50,2,Kobe Sanders,NYK,Nevada (Sr.),United States,Nevada,2002-05-30,sleeper,True,23.072,4787,Kobe Sanders,68,college,68.0,high_gp_verified,,kobe-sanders-1,2025,exact,33.0,31.6666666667,15.8484848485,3.8787878788,4.4545454545,1.1212121212,0.2727272727,1.8484848485,1.2424242424,17.818,22.507,20.019,4.9,5.627,1.416,0.344,2.335,1.569,7.049046,5.577326,1.47172,22.000034,27.059394,0.5719284816,0.1758604019138756,1045.0,G,nevada,669.4,669.4,1,586.5,68.0,0.6449,586.5,68.0,,,,,True
2025,51,2,Mohamed Diawara,LAC,Cholet Basket (France),France,,2005-04-29,sleeper,True,20.156,4767,Mohamed Diawara,69,international_pro,69.0,high_gp_verified,,,,,,,,,,,,,,,,,,,,,,,,,,,,,,,,,670.3,670.3,1,314.0,69.0,0.3453,314.0,69.0,,,,,False
2025,52,2,Alex Toohey,PHO,Sydney Kings (Australia),Australia,,2004-05-05,sleeper,True,21.139,4772,Alex Toohey,0,international_pro,0,medium_name_unique_gp_small_agree,,,,,,,,,,,,,,,,,,,,,,,,,,,,,,,,,,,1,0.0,0,0.0,0.0,0,,,,,False
2025,53,2,John Tonje,UTA,Wisconsin (Sr.),United States,Wisconsin,2001-04-23,sleeper,True,24.172,4788,John Tonje,6,college,6.0,medium_name_unique_gp_small_agree,,john-tonje-1,2025,exact,37.0,31.1081081081,19.5675675676,5.2702702703,1.8108108108,0.7297297297,0.2162162162,1.8378378378,2.2972972973,18.068,23.232,25.161,6.777,2.328,0.938,0.278,2.363,2.954,11.008707,8.572242,2.436465,24.830214,27.978061,0.646832842,0.2217051259774109,1151.0,G,wisconsin,477.7,477.7,1,21.0,6.0,0.0231,21.0,6.0,,,,,True
2025,54,2,Taelon Peter,IND,Liberty (Sr.),United States,Liberty,2002-02-27,sleeper,True,23.324,4771,Taelon Peter,38,college,38.0,high_gp_verified,,taelon-peter-1,2025,exact,35.0,22.6857142857,13.6857142857,4.0285714286,1.0285714286,0.9142857143,0.1142857143,0.6,2.2,14.457,25.491,24.131,7.103,1.814,1.612,0.202,1.058,3.879,8.968642,6.813996,2.154646,27.157915,24.115738,0.7240024184,0.2664867002518892,794.0,G,liberty,373.8,373.8,1,240.0,38.0,0.2639,240.0,38.0,,,,,True
2025,55,2,Lachlan Olbrich,LAL,Illawarra Hawks (Australia),Australia,,2003-12-30,sleeper,True,21.487,4805,Lachlan Olbrich,37,international_pro,37.0,high_gp_verified,,,,,,,,,,,,,,,,,,,,,,,,,,,,,,,,,438.0,438.0,1,230.5,37.0,0.2535,230.5,37.0,,,,,False
2025,56,2,Will Richard,MEM,Florida (Sr.),United States,Florida,2002-12-24,sleeper,True,22.502,4773,Will Richard,69,college,69.0,high_gp_verified,,will-richard-2,2025,exact,40.0,31.625,13.275,4.575,1.85,1.65,0.325,1.55,2.0,16.462,20.822,16.791,5.787,2.34,2.087,0.411,1.96,2.53,9.634415,4.923213,4.711202,18.296862,18.302549,0.623825188,0.1804055335968379,1265.0,G,florida,485.1,485.1,1,650.0,69.0,0.7148,650.0,69.0,,,,,True
2025,57,2,Max Shulga,ORL,VCU (Sr.),Ukraine,VCU,2002-06-25,sleeper,True,23.001,4785,Max Shulga,11,college,11.0,high_gp_verified,,max-shulga-1,2025,exact,35.0,32.8,15.0285714286,5.8571428571,3.9714285714,1.7714285714,0.1142857143,1.6857142857,2.0571428571,20.457,24.948,18.328,7.143,4.843,2.16,0.139,2.056,2.509,9.400269,5.829402,3.570867,23.210797,21.886699,0.5953256748,0.2439342857142857,1148.0,G,virginia-commonwealth,999.0,,1,11.0,11.0,0.0121,11.0,11.0,,,,,True
2025,58,2,Saliou Niang,CLE,Aquila Basket Trento (Italy),Italy,,2004-05-14,sleeper,True,21.114,4769,Saliou Niang,0,international_pro,0,medium_name_unique_gp_small_agree,,,,,,,,,,,,,,,,,,,,,,,,,,,,,,,,,,,1,0.0,0,0.0,0.0,0,,,,,False
2025,59,2,Jahmai Mashack,HOU,Tennessee (Sr.),United States,Tennessee,2002-11-10,sleeper,True,22.623,4782,Jahmai Mashack,31,college,31.0,high_gp_verified,,jahmai-mashack-1,2025,exact,38.0,28.1578947368,6.0,4.2368421053,1.5,1.6842105263,0.5263157895,0.9210526316,0.5263157895,12.5,17.757,8.523,6.019,2.131,2.393,0.748,1.308,0.748,8.186972,1.201,6.985972,13.816193,11.646293,0.563171545,0.1430743177570093,1070.0,G,tennessee,999.0,,1,316.5,31.0,0.348,316.5,31.0,,,,,True
2026,1,1,AJ Dybantsa,WAS,BYU (Fr.),United States,BYU,2007-01-29,sleeper,True,19.398,4866,AJ Dybantsa,0,college,0,high_league_id_list,True,aj-dybantsa-1,2026,exact,35.0,34.7714285714,25.5428571429,6.8285714286,3.7142857143,1.0571428571,0.3428571429,3.0857142857,1.4,23.729,27.297,29.384,7.855,4.273,1.216,0.394,3.55,1.611,11.720979,9.518286,2.202693,28.11338,33.896951,0.6003223207,0.209367986852917,1217.0,F,brigham-young,15.6,15.6,,,,,,,,,,,True
2026,2,1,Darryn Peterson,UTA,Kansas (Fr.),United States,Kansas,2007-01-17,sleeper,True,19.431,4882,Darryn Peterson,0,college,0,high_league_id_list,True,darryn-peterson-1,2026,exact,24.0,29.0416666667,20.1666666667,4.2083333333,1.5833333333,1.4166666667,0.625,1.5833333333,2.625,19.688,27.116,27.776,5.796,2.181,1.951,0.861,2.181,3.615,14.092502,9.272477,4.820025,25.399007,33.481936,0.5779794602,0.1980387948350072,697.0,G,kansas,17.7,17.7,,,,,,,,,,,True
2026,3,1,Cameron Boozer,MEM,Duke (Fr.),United States,Duke,2007-07-18,sleeper,True,18.932,4873,Cameron Boozer,0,college,0,high_league_id_list,True,cameron-boozer-3,2026,exact,38.0,33.4473684211,22.5,10.2368421053,4.1315789474,1.3947368421,0.6052631579,2.5263157895,1.4210526316,27.803,33.249,26.908,12.242,4.941,1.668,0.724,3.021,1.699,18.745279,12.729489,6.01579,33.717553,29.917637,0.6526717557,0.3267475688434304,1271.0,F,duke,13.7,13.7,,,,,,,,,,,True
2026,4,1,Caleb Wilson,CHI,North Carolina (Fr.),United States,UNC,2006-07-18,sleeper,True,19.932,4862,Caleb Wilson,0,college,0,high_league_id_list,True,caleb-wilson-1,2026,exact,24.0,31.2916666667,19.8333333333,9.4166666667,2.6666666667,1.5,1.375,1.9583333333,0.2916666667,25.938,33.156,25.353,12.037,3.409,1.917,1.758,2.503,0.373,13.964389,8.68591,5.278479,31.392327,28.662072,0.6263569972,0.2536676964047936,751.0,F,north-carolina,26.8,26.8,,,,,,,,,,,True
2026,5,1,Keaton Wagler,LAC,Illinois (Fr.),United States,Illinois,2007-02-03,sleeper,True,19.384,4881,Keaton Wagler,0,college,0,high_league_id_list,True,keaton-wagler-1,2026,exact,37.0,33.9189189189,17.9189189189,5.0810810811,4.2432432432,0.9189189189,0.3783783784,1.7837837838,2.3513513514,20.27,23.904,21.131,5.992,5.004,1.084,0.446,2.104,2.773,12.274218,8.805401,3.468817,23.926085,25.156128,0.595580309,0.229908812749004,1255.0,G,illinois,66.3,66.3,,,,,,,,,,,True
2026,6,1,Mikel Brown Jr.,BRK,Louisville (Fr.),United States,Louisville,2006-04-03,sleeper,True,20.222,4871,Mikel Brown,0,college,0,high_league_id_list,True,mikel-brown-jr-1,2026,exact,21.0,29.1904761905,18.1904761905,3.3333333333,4.7142857143,1.2380952381,0.1428571429,3.0952380952,2.619047619,18.119,24.829,24.927,4.568,6.46,1.697,0.196,4.241,3.589,6.619754,4.886302,1.733452,20.549744,31.362491,0.5771264541,0.1716273409461664,613.0,G,louisville,47.8,47.8,,,,,,,,,,,True
2026,7,1,Darius Acuff Jr.,SAC,Arkansas (Fr.),United States,Arkansas,2006-11-16,sleeper,True,19.6,4891,Darius Acuff,0,college,0,high_league_id_list,True,darius-acuff-jr-1,2026,exact,36.0,35.1111111111,23.4722222222,3.0833333333,6.4444444444,0.8333333333,0.3055555556,2.1666666667,2.5277777778,22.639,25.791,26.741,3.513,7.342,0.949,0.348,2.468,2.88,10.080804,9.398718,0.682086,25.242404,29.515163,0.6040028592,0.195695411392405,1264.0,G,arkansas,52.7,52.7,,,,,,,,,,,True
2026,8,1,Kingston Flemings,ATL,Houston (Fr.),United States,Houston,2007-01-03,sleeper,True,19.469,4876,Kingston Flemings,0,college,0,high_league_id_list,True,kingston-flemings-1,2026,exact,37.0,31.6756756757,16.0540540541,4.0540540541,5.1891891892,1.5135135135,0.3243243243,1.7837837838,1.1081081081,19.716,24.898,20.273,5.119,6.553,1.911,0.41,2.253,1.399,12.600639,6.58752,6.013119,23.593304,26.034196,0.5632734342,0.225125290102389,1172.0,G,houston,78.1,78.1,,,,,,,,,,,True
2026,9,1,Morez Johnson Jr.,DAL,Michigan (So.),United States,Michigan,2006-01-25,sleeper,True,20.408,4885,Morez Johnson,0,college,0,high_league_id_list,True,morez-johnson-jr-1,2026,exact,40.0,25.1,13.1,7.325,1.2,0.675,1.1,1.325,0.3,17.45,27.809,20.876,11.673,1.912,1.076,1.753,2.112,0.478,11.772016,6.382192,5.389824,25.209957,21.261755,0.6768276931,0.24499593625498,1004.0,F,michigan,76.1,76.1,,,,,,,,,,,True
2026,10,1,Brayden Burries,MIL,Arizona (Fr.),United States,Arizona,2005-09-18,sleeper,True,20.761,4883,Brayden Burries,0,college,0,high_league_id_list,True,brayden-burries-1,2026,exact,39.0,29.7948717949,16.0512820513,4.8974358974,2.4358974359,1.5128205128,0.2051282051,1.4615384615,1.7948717949,18.231,24.475,21.549,6.575,3.27,2.031,0.275,1.962,2.41,11.72933,6.009307,5.720023,21.719168,23.154894,0.6158083715,0.2196728055077452,1162.0,G,arizona,107.2,107.2,,,,,,,,,,,True
2026,11,1,Yaxel Lendeborg,GSW,Michigan (Sr.),Dominican Republic  United States,Michigan,2002-09-30,sleeper,True,23.729,4864,Yaxel Lendeborg,0,college,0,high_league_id_list,True,yaxel-lendeborg-1,2026,exact,40.0,30.15,15.075,6.775,3.225,1.125,1.225,1.05,1.675,22.025,29.221,20.0,8.988,4.279,1.493,1.625,1.393,2.222,16.728581,9.834041,6.89454,25.427431,20.44647,0.6464754757,0.2615607296849088,1206.0,F,michigan,115.7,115.7,,,,,,,,,,,True
2026,12,1,Aday Mara,OKC,Michigan (Jr.),Spain,Michigan,2005-04-07,sleeper,True,21.21,4888,Aday Mara,0,college,0,high_league_id_list,True,aday-mara-2,2026,exact,40.0,23.4,12.1,6.75,2.425,0.35,2.575,1.975,0.075,19.137,32.714,20.684,11.538,4.145,0.598,4.402,3.376,0.128,14.261871,5.822704,8.439167,26.198055,23.138067,0.6585034014,0.2217989743589743,936.0,C,michigan,126.4,126.4,,,,,,,,,,,True
2026,13,1,Nate Ament,MIA,Tennessee (Fr.),United States,Tennessee,2006-12-10,sleeper,True,19.535,4884,Nate Ament,0,college,0,high_league_id_list,True,nate-ament-1,2026,exact,35.0,29.6857142857,16.6857142857,6.3428571429,2.3428571429,0.9714285714,0.6285714286,2.2571428571,1.3142857143,18.629,25.101,22.483,8.547,3.157,1.309,0.847,3.041,1.771,8.440735,5.125514,3.315221,20.434544,28.992637,0.5340160936,0.1787389027911453,1039.0,F,tennessee,128.6,128.6,,,,,,,,,,,True
2026,14,1,Hannes Steinbach,CHA,Washington (Fr.),Germany,Washington,2006-05-01,sleeper,True,20.145,4869,Hannes Steinbach,0,college,0,high_league_id_list,True,hannes-steinbach-1,2026,exact,30.0,34.6333333333,18.5333333333,11.7666666667,1.5666666667,1.0666666667,1.2333333333,1.9666666667,0.6,25.533,29.49,21.405,13.59,1.809,1.232,1.424,2.271,0.693,10.12798,7.697795,2.430185,27.990619,23.909569,0.6360828281,0.2146199807507218,1039.0,F,washington,114.0,114.0,,,,,,,,,,,True
2026,15,1,Dailyn Swain,CHI,Texas (Jr.),United States,Texas,2005-07-15,sleeper,True,20.939,4863,Dailyn Swain,0,college,0,high_league_id_list,True,dailyn-swain-2,2026,exact,36.0,32.8333333333,17.3055555556,7.5277777778,3.5833333333,1.6388888889,0.3055555556,2.6666666667,0.8888888889,21.431,26.108,21.083,9.171,4.365,1.997,0.372,3.249,1.083,10.51154,6.948411,3.563129,25.0363,24.609018,0.6357142857,0.1909992216582064,1182.0,F,texas,164.3,164.3,,,,,,,,,,,True
2026,16,1,Bennett Stirtz,MEM,Iowa (Sr.),United States,Iowa,2003-10-03,sleeper,True,22.721,4889,Bennett Stirtz,0,college,0,high_league_id_list,True,bennett-stirtz-1,2026,exact,37.0,37.7297297297,19.8378378378,2.6486486486,4.4054054054,1.3783783784,0.2432432432,1.8378378378,2.4864864865,19.622,20.802,21.032,2.808,4.67,1.461,0.258,1.948,2.636,10.209099,7.692939,2.51616,22.34649,26.942454,0.6072388831,0.1914598280802292,1396.0,G,iowa,215.8,215.8,,,,,,,,,,,True
2026,17,1,Ebuka Okorie,OKC,Stanford (Fr.),United States,Stanford,2007-04-10,sleeper,True,19.203,4867,Ebuka Okorie,0,college,0,high_league_id_list,True,ebuka-okorie-1,2026,exact,31.0,35.0967741935,23.1935483871,3.6451612903,3.5806451613,1.5806451613,0.3225806452,1.8709677419,2.0322580645,21.774,24.816,26.434,4.154,4.081,1.801,0.368,2.132,2.316,10.604247,8.439889,2.164358,26.507185,31.045571,0.5890063079,0.2079368382352941,1088.0,G,stanford,172.1,172.1,,,,,,,,,,,True
2026,18,1,Christian Anderson Jr.,CHA,Texas Tech (So.),Germany  United States,Texas Tech,2006-04-02,sleeper,True,20.225,4868,Christian Anderson,0,college,0,high_league_id_list,True,christian-anderson-2,2026,exact,33.0,38.3636363636,18.5151515152,3.5757575758,7.3939393939,1.4545454545,0.2424242424,3.303030303,3.2727272727,21.955,22.891,19.305,3.728,7.709,1.517,0.253,3.444,3.412,9.375699,7.12353,2.252169,20.897809,23.800745,0.6259604549,0.1768225592417062,1266.0,G,texas-tech,171.5,171.5,,,,,,,,,,,True
2026,19,1,Allen Graves,TOR,Santa Clara (Fr.),United States,Santa Clara,2006-07-28,sleeper,True,19.904,4880,Allen Graves,0,college,0,high_league_id_list,True,allen-graves-2,2026,exact,35.0,22.6,11.7714285714,6.5142857143,1.8,1.9142857143,0.9428571429,0.7142857143,1.0857142857,19.743,34.943,20.834,11.53,3.186,3.388,1.669,1.264,1.922,13.370214,8.681087,4.689127,29.612474,21.947139,0.6127305175,0.2657273830594184,791.0,F,santa-clara,153.8,153.8,,,,,,,,,,,True
2026,20,1,Jayden Quaintance,SAS,Kentucky (So.),United States,Kentucky,2007-07-11,sleeper,True,18.951,4879,Jayden Quaintance,0,college,0,high_league_id_list,True,jayden-quaintance-1,2026,exact,4.0,16.75,5.0,5.0,0.5,0.5,0.75,1.5,0.0,9.0,21.493,11.94,11.94,1.194,1.194,1.791,3.582,0.0,1.86367,0.039036,1.824634,13.164002,19.219192,0.4956629492,0.050809552238806,67.0,F,kentucky,275.4,275.4,,,,,,,,,,,False
2026,21,1,Karim López,DET,New Zealand Breakers (New Zealand),Mexico,,2007-04-12,sleeper,True,19.198,4872,Karim Lopez,0,international_pro,0,high_league_id_list,True,,,,,,,,,,,,,,,,,,,,,,,,,,,,,,,,264.3,264.3,,,,,,,,,,,False
2026,22,1,Labaron Philon Jr.,PHI,Alabama (So.),United States,Alabama,2005-11-24,sleeper,True,20.578,4865,Labaron Philon,0,college,0,high_league_id_list,True,labaron-philon-1,2026,exact,33.0,30.9090909091,21.9696969697,3.5454545455,5.0,1.1515151515,0.1818181818,2.5454545455,2.4545454545,20.879,27.02,28.431,4.588,6.471,1.49,0.235,3.294,3.176,11.33944,9.232316,2.107124,25.918852,30.049476,0.6260253864,0.1975830980392157,1020.0,G,alabama,216.2,216.2,,,,,,,,,,,True
2026,23,1,Zuby Ejiofor,ATL,St. John's (Sr.),United States,St. John's,2004-04-20,sleeper,True,22.174,4875,Zuby Ejiofor,0,college,0,high_league_id_list,True,zuby-ejiofor-1,2026,exact,37.0,29.972972973,16.3243243243,7.3243243243,3.5405405405,1.1621621622,2.1351351351,2.1081081081,0.4864864865,23.757,31.704,21.785,9.775,4.725,1.551,2.849,2.813,0.649,14.489229,8.494415,5.994814,27.681704,24.818612,0.6088402802,0.2390356357078449,1109.0,F,st-johns-ny,190.6,190.6,,,,,,,,,,,True
2026,24,1,Cameron Carr,NYK,Baylor (So.),United States,Baylor,2004-11-21,sleeper,True,21.585,4874,Cameron Carr,0,college,0,high_league_id_list,True,cameron-carr-2,2026,exact,34.0,33.7058823529,18.8823529412,5.7941176471,2.6470588235,0.8823529412,1.3235294118,2.3823529412,2.2647058824,21.044,24.974,22.408,6.876,3.141,1.047,1.571,2.827,2.688,9.169775,6.899317,2.270458,22.030711,25.276699,0.6222739168,0.1636369982547993,1146.0,G,baylor,170.2,170.2,,,,,,,,,,,True
2026,25,1,Sergio de Larrea,LAL,Valencia (Spain),Spain,,2005-12-04,sleeper,True,20.55,4886,Sergio De Larrea,0,international_pro,0,high_league_id_list,True,,,,,,,,,,,,,,,,,,,,,,,,,,,,,,,,269.5,269.5,,,,,,,,,,,False
2026,26,1,Tarris Reed Jr.,DEN,UConn (Sr.),United States,UConn,2003-08-05,sleeper,True,22.883,4878,Tarris Reed,0,college,0,high_league_id_list,True,tarris-reed-jr-1,2026,exact,35.0,27.3142857143,14.7142857143,8.9714285714,2.2857142857,0.9142857143,1.9714285714,1.8571428571,0.0,22.529,32.992,21.548,13.138,3.347,1.339,2.887,2.72,0.0,12.860443,6.747085,6.113358,28.844103,26.108767,0.6143385423,0.2370928451882845,956.0,F,connecticut,204.0,204.0,,,,,,,,,,,True
2026,27,1,Chris Cenac Jr.,BOS,Houston (Fr.),United States,Houston,2007-02-01,sleeper,True,19.389,4877,Chris Cenac,0,college,0,high_league_id_list,True,chris-cenac-jr-1,2026,exact,37.0,24.8108108108,9.5135135135,7.8648648649,0.7297297297,0.7567567568,0.4864864865,0.8918918919,0.8108108108,15.351,24.749,15.338,12.68,1.176,1.22,0.784,1.438,1.307,7.480473,3.655253,3.82522,19.349642,19.919285,0.5456518369,0.1890795642701525,918.0,C,houston,265.5,265.5,,,,,,,,,,,True
2026,28,1,Joshua Jefferson,MIN,Iowa State (Sr.),United States,Iowa State,2003-11-21,sleeper,True,22.587,4870,Joshua Jefferson,0,college,0,high_league_id_list,True,joshua-jefferson-1,2026,exact,35.0,30.9428571429,16.4285714286,7.4285714286,4.7714285714,1.6285714286,0.8285714286,2.5428571429,1.0857142857,23.329,30.157,21.237,9.603,6.168,2.105,1.071,3.287,1.404,13.043118,6.9718,6.071318,24.436437,27.617441,0.5602377357,0.2259582640812558,1083.0,F,iowa-state,202.4,202.4,,,,,,,,,,,True
2026,29,1,Alex Karaban,CLE,UConn (Sr.),United States,UConn,2002-11-11,sleeper,True,23.614,4890,Alex Karaban,0,college,0,high_league_id_list,True,alex-karaban-1,2026,exact,40.0,34.25,13.175,5.275,2.35,0.825,0.825,1.075,1.925,17.4,20.321,15.387,6.161,2.745,0.964,0.964,1.255,2.248,8.998776,5.419019,3.579757,17.690621,18.413704,0.5903769675,0.1743010218978102,1370.0,F,connecticut,322.3,322.3,,,,,,,,,,,True
2026,30,1,Koa Peat,DAL,Arizona (Fr.),United States,Arizona,2007-01-20,sleeper,True,19.422,4887,Koa Peat,0,college,0,high_league_id_list,True,koa-peat-1,2026,exact,36.0,27.7777777778,14.1111111111,5.6388888889,2.5833333333,0.6388888889,0.6944444444,1.6111111111,0.1944444444,16.431,23.66,20.32,8.12,3.72,0.92,1.0,2.32,0.28,8.762481,4.838028,3.924453,20.468386,24.463016,0.557078627,0.1842418,1000.0,F,arizona,279.0,279.0,,,,,,,,,,,True
2026,31,2,Bruce Thornton,NYK,Ohio State (Sr.),United States,Ohio State,2003-09-14,sleeper,True,22.773,4904,Bruce Thornton,0,college,0,high_league_id_list,True,bruce-thornton-1,2026,exact,34.0,36.5,19.9117647059,5.0882352941,3.9117647059,1.1470588235,0.2352941176,1.2941176471,1.8235294118,21.338,23.384,21.821,5.576,4.287,1.257,0.258,1.418,1.998,12.722841,9.489224,3.233617,25.892841,23.607383,0.6653562654,0.2298143432715552,1241.0,G,ohio-state,259.5,259.5,,,,,,,,,,,True
2026,32,2,Richie Saunders,MEM,BYU (Sr.),United States,BYU,2001-09-19,sleeper,True,24.758,4902,Richie Saunders,0,college,0,high_league_id_list,True,richie-saunders-1,2026,exact,25.0,31.36,18.04,5.76,2.08,1.72,0.28,1.64,2.56,20.5,26.148,23.01,7.347,2.653,2.194,0.357,2.092,3.265,10.678361,7.771939,2.906422,25.0038,24.548633,0.6320510125,0.2096202551020408,784.0,G,brigham-young,345.6,345.6,,,,,,,,,,,True
2026,33,2,Isaiah Evans,BRK,Duke (So.),United States,Duke,2005-12-06,sleeper,True,20.545,4900,Isaiah Evans,0,college,0,high_league_id_list,True,isaiah-evans-1,2026,exact,38.0,28.2105263158,15.0263157895,3.2105263158,1.2631578947,0.7105263158,0.6578947368,1.1315789474,2.6578947368,14.921,21.157,21.306,4.552,1.791,1.007,0.933,1.604,3.769,9.794168,6.468277,3.325891,19.18167,24.898451,0.5896932769,0.1988032835820895,1072.0,G,duke,321.7,321.7,,,,,,,,,,,True
2026,34,2,Meleek Thomas,SAC,Arkansas (Fr.),United States,Arkansas,2006-08-06,sleeper,True,19.88,4895,Meleek Thomas,0,college,0,high_league_id_list,True,meleek-thomas-1,2026,exact,37.0,30.4864864865,15.6486486486,3.8378378378,2.4864864865,1.5405405405,0.1891891892,1.0,2.2162162162,17.716,23.245,20.532,5.035,3.262,2.021,0.248,1.312,2.908,7.048725,4.770085,2.27864,19.19127,23.621661,0.5585568204,0.1431941489361702,1128.0,G,arkansas,320.5,320.5,,,,,,,,,,,True
2026,35,2,Trevon Brazile,SAS,Arkansas (Sr.),United States,Arkansas,2003-01-07,sleeper,True,23.458,4922,Trevon Brazile,0,college,0,high_league_id_list,True,trevon-brazile-1,2026,exact,36.0,31.5,13.0277777778,7.3333333333,1.5555555556,1.4722222222,1.6111111111,1.0555555556,1.25,21.139,26.843,16.543,9.312,1.975,1.869,2.046,1.34,1.587,9.271838,5.391184,3.880654,20.87153,17.644724,0.6187335092,0.15830860670194,1134.0,F,arkansas,344.5,344.5,,,,,,,,,,,True
2026,36,2,Baba Miller,LAC,Cincinnati (Sr.),Spain,Cincinnati,2004-02-07,sleeper,True,22.374,4913,Baba Miller,0,college,0,high_league_id_list,True,baba-miller-1,2026,exact,31.0,31.8709677419,13.0322580645,10.3225806452,3.7096774194,0.7419354839,1.1612903226,2.1935483871,0.3225806452,22.323,28.016,16.356,12.955,4.656,0.931,1.457,2.753,0.405,9.439837,3.689242,5.750595,20.988553,21.110616,0.5758677215,0.185841983805668,988.0,F,cincinnati,343.5,343.5,,,,,,,,,,,True
2026,37,2,Ryan Conwell,OKC,Louisville (Sr.),United States,Louisville,2004-06-15,sleeper,True,22.021,4915,Ryan Conwell,0,college,0,high_league_id_list,True,ryan-conwell-1,2026,exact,34.0,30.8529411765,18.7647058824,4.7647058824,2.6764705882,1.1176470588,0.1764705882,2.1470588235,3.2941176471,18.912,24.519,24.328,6.177,3.47,1.449,0.229,2.784,4.271,7.343645,5.104111,2.239534,19.031021,29.474143,0.5658285664,0.1661987416587226,1049.0,G,louisville,253.4,253.4,,,,,,,,,,,True
2026,38,2,Braden Smith,CHI,Purdue (Sr.),United States,Purdue,2003-07-25,sleeper,True,22.913,4896,Braden Smith,0,college,0,medium_name_unique_2026,False,braden-smith-1,2026,exact,39.0,34.4615384615,14.2820512821,3.5384615385,8.8461538462,1.6923076923,0.2051282051,2.8974358974,1.641025641,21.244,24.658,16.577,4.107,10.268,1.964,0.238,3.363,1.905,9.836881,6.846245,2.990636,20.85646,24.016571,0.5514851485,0.1728120535714286,1344.0,G,purdue,417.0,417.0,,,,,,,,,,,True
2026,39,2,Jack Kayil,HOU,Alba Berlin (Germany),Germany,,2006-01-27,web: Wikipedia/Champions League/The Athletic,True,20.402,4892,Jack Kayil,0,international_pro,0,medium_name_unique_2026,False,,,,,,,,,,,,,,,,,,,,,,,,,,,,,,,,410.2,410.2,,,,,,,,,,,False
2026,40,2,Dillon Mitchell,BOS,St. John's (Sr.),United States,St. John's,2003-10-03,sleeper,True,22.721,4907,Dillon Mitchell,0,college,0,medium_name_unique_2026,False,dillon-mitchell-1,2026,exact,37.0,28.1351351351,8.3243243243,7.0,3.0,1.2702702703,0.7297297297,1.0,0.027027027,17.176,24.419,11.835,9.952,4.265,1.806,1.037,1.422,0.038,9.277762,3.937878,5.339884,18.705105,14.477929,0.5553051474,0.172854409221902,1041.0,F,st-johns-ny,419.8,419.8,,,,,,,,,,,True
2026,41,2,Otega Oweh,MIA,Kentucky (Sr.),United States,Kentucky,2003-06-21,sleeper,True,23.006,4919,Otega Oweh,0,college,0,high_league_id_list,True,otega-oweh-1,2026,exact,36.0,32.75,18.6388888889,4.8055555556,2.6666666667,1.7777777778,0.25,2.0555555556,1.25,19.417,23.715,22.765,5.869,3.257,2.171,0.305,2.511,1.527,7.36997,4.009078,3.360892,20.376784,28.357165,0.553996037,0.1471949448685326,1179.0,G,kentucky,346.2,346.2,,,,,,,,,,,True
2026,42,2,Ja'Kobi Gillespie,SAS,Tennessee (Sr.),United States,Tennessee,2004-03-10,sleeper,True,22.286,4908,Ja'Kobi Gillespie,0,college,0,high_league_id_list,True,jakobi-gillespie-1,2026,exact,37.0,34.7567567568,18.4054054054,2.8378378378,5.4324324324,2.1351351351,0.2162162162,2.2972972973,2.7837837838,21.27,24.479,21.182,3.266,6.252,2.457,0.249,2.644,3.204,10.892395,6.397658,4.494737,20.254344,26.856452,0.5383399209,0.1884647589424572,1286.0,G,tennessee,413.3,413.3,,,,,,,,,,,True
2026,43,2,Tyler Bilodeau,BRK,UCLA (Sr.),United States,UCLA,2004-04-17,sleeper,True,22.182,4899,Tyler Bilodeau,0,college,0,medium_name_unique_2026,False,tyler-bilodeau-1,2026,exact,31.0,30.1612903226,17.6451612903,5.6129032258,1.064516129,0.4838709677,0.3548387097,1.2903225806,2.064516129,16.919,22.439,23.401,7.444,1.412,0.642,0.471,1.711,2.738,8.905812,7.481087,1.424725,23.321663,25.820621,0.6564262571,0.1921354010695187,935.0,F,ucla,407.3,407.3,,,,,,,,,,,True
2026,44,2,Maliq Brown,SAS,Duke (Sr.),United States,Duke,2003-11-16,sleeper,True,22.601,4909,Maliq Brown,0,college,0,medium_name_unique_2026,False,maliq-brown-1,2026,exact,38.0,20.2631578947,4.9473684211,5.1842105263,1.6315789474,1.7894736842,0.6315789474,1.1842105263,0.1315789474,13.013,25.688,9.766,10.234,3.221,3.532,1.247,2.338,0.26,11.562831,2.63399,8.928841,19.018256,12.70097,0.6344920688,0.1973620779220779,770.0,F,duke,442.7,442.7,,,,,,,,,,,True
2026,45,2,Emanuel Sharp,SAC,Houston (Sr.),Israel  United States,Houston,2004-03-07,sleeper,True,22.294,4921,Emanuel Sharp,0,college,0,high_league_id_list,True,emanuel-sharp-1,2026,exact,37.0,29.3783783784,15.4594594595,2.972972973,1.7297297297,1.1891891892,0.0810810811,0.972972973,2.6216216216,15.311,20.846,21.049,4.048,2.355,1.619,0.11,1.325,3.569,10.698125,5.859062,4.839063,19.955834,24.960301,0.5818329773,0.2144462189512419,1087.0,G,houston,412.1,412.1,,,,,,,,,,,True
2026,46,2,Felix Okpara,ORL,Tennessee (Sr.),Nigeria,Tennessee,2004-04-20,sleeper,True,22.174,4898,Felix Okpara,0,college,0,medium_name_unique_2026,False,felix-okpara-1,2026,exact,35.0,26.8571428571,7.9714285714,6.3428571429,0.4857142857,0.4285714286,1.4857142857,1.0285714286,0.1142857143,13.671,20.362,11.872,9.447,0.723,0.638,2.213,1.532,0.17,5.487775,1.84101,3.646765,16.347914,13.42424,0.6168472253,0.1396808936170212,940.0,C,tennessee,408.8,408.8,,,,,,,,,,,True
2026,47,2,Tyler Nickel,PHO,Vanderbilt (Sr.),United States,Vanderbilt,2003-09-05,sleeper,True,22.798,4893,Tyler Nickel,0,college,0,medium_name_unique_2026,False,tyler-nickel-1,2026,exact,36.0,30.5555555556,13.5,3.25,1.1944444444,0.7777777778,0.5277777778,0.7222222222,3.0555555556,14.611,19.127,17.673,4.255,1.564,1.018,0.691,0.945,4.0,7.452711,6.049892,1.402819,16.631301,18.866783,0.6167121376,0.1376929818181818,1100.0,F,vanderbilt,400.6,400.6,,,,,,,,,,,True
2026,48,2,Tobi Lawal,DAL,Virginia Tech (Sr.),United Kingdom,Virginia Tech,2003-05-01,sleeper,True,23.146,4917,Tobi Lawal,0,college,0,medium_name_unique_2026,False,toibu-lawal-1,2026,last+initial,23.0,29.0869565217,12.2608695652,8.4782608696,0.6086956522,0.3043478261,1.1304347826,1.7826086957,0.5217391304,16.565,22.78,16.861,11.659,0.837,0.419,1.555,2.451,0.717,3.852987,2.257867,1.59512,19.281317,19.956056,0.6349921189,0.1524040059790732,669.0,F,virginia-tech,421.3,421.3,,,,,,,,,,,True
2026,49,2,Bryce Hopkins,DEN,St. John's (Sr.),United States,St. John's,2002-09-07,sleeper,True,23.792,4923,Bryce Hopkins,0,college,0,medium_name_unique_2026,False,bryce-hopkins-1,2026,exact,37.0,28.7837837838,13.6216216216,6.2162162162,1.9459459459,1.0810810811,0.2702702703,1.2702702703,0.8918918919,16.851,23.418,18.93,8.638,2.704,1.502,0.376,1.765,1.239,8.497175,4.998241,3.498934,19.70704,22.445917,0.5580777323,0.1801891455399061,1065.0,F,st-johns-ny,396.0,396.0,,,,,,,,,,,True
2026,50,2,Jaden Bradley,TOR,Arizona (Sr.),United States,Arizona,2003-09-14,sleeper,True,22.773,4910,Jaden Bradley,0,college,0,medium_name_unique_2026,False,jaden-bradley-1,2026,exact,39.0,30.5897435897,13.2820512821,3.4102564103,4.358974359,1.4358974359,0.1025641026,1.7435897436,0.6666666667,16.077,21.023,17.368,4.459,5.7,1.878,0.134,2.28,0.872,8.976226,3.689702,5.286524,18.146055,20.918404,0.5676090291,0.1842733612740989,1193.0,G,arizona,418.2,418.2,,,,,,,,,,,True
2026,51,2,Izaiyah Nelson,WAS,South Florida (Sr.),United States,South Florida,2003-10-01,sleeper,True,22.727,4924,Izaiyah Nelson,0,college,0,medium_name_unique_2026,False,izaiyah-nelson-1,2026,exact,34.0,27.2941176471,15.8823529412,9.5882352941,1.2058823529,1.6470588235,1.4117647059,1.3529411765,0.2058823529,23.603,34.591,23.276,14.052,1.767,2.414,2.069,1.983,0.302,9.170665,5.883752,3.286913,28.937367,23.719556,0.612244898,0.2489348275862069,928.0,F,south-florida,999.0,,,,,,,,,,,,True
2026,52,2,Henri Veesaar,LAC,North Carolina (Jr.),Estonia,UNC,2004-03-28,sleeper,True,22.237,4905,Henri Veesaar,0,college,0,high_league_id_list,True,henri-veesaar-1,2026,exact,31.0,31.4193548387,17.0322580645,8.7096774194,2.064516129,0.5806451613,1.1935483871,1.6774193548,1.2903225806,21.806,27.762,21.684,11.088,2.628,0.739,1.52,2.136,1.643,10.738381,6.979237,3.759144,25.42121,23.269565,0.6640256555,0.2091595482546201,974.0,F,north-carolina,342.0,342.0,,,,,,,,,,,True
2026,53,2,Ugonna Onyenso,HOU,Virginia (Sr.),Nigeria,Virginia,2004-09-25,sleeper,True,21.741,4894,Ugonna Onyenso,0,college,0,medium_name_unique_2026,False,ugonna-onyenso-1,2026,exact,36.0,18.5833333333,6.5,4.8888888889,0.5833333333,0.6111111111,2.9166666667,0.4444444444,0.2777777778,15.472,33.303,13.991,10.523,1.256,1.315,6.278,0.957,0.598,12.22855,4.652192,7.576358,25.648606,15.52174,0.6161137441,0.2100988340807175,669.0,F,virginia,447.1,447.1,,,,,,,,,,,True
2026,54,2,Lajae Jones,GSW,Florida State (Sr.),United States,Florida State,2004-05-21,sleeper,True,22.089,4897,Lajae Jones,0,college,0,medium_name_unique_2026,False,lajae-jones-1,2026,exact,33.0,29.4848484848,12.696969697,5.7272727273,1.1212121212,1.2424242424,1.0,1.0303030303,1.6666666667,17.485,23.72,17.225,7.77,1.521,1.686,1.357,1.398,2.261,5.142921,2.925823,2.217098,17.501893,20.287309,0.5556292269,0.1316797122302158,973.0,G,florida-state,440.4,440.4,,,,,,,,,,,True
2026,55,2,Nick Martinelli,NYK,Northwestern (Sr.),United States,Northwestern,2004-04-20,sleeper,True,22.174,4911,Nick Martinelli,0,college,0,medium_name_unique_2026,False,nick-martinelli-1,2026,exact,33.0,35.6060606061,23.0,6.1818181818,2.0,0.7878787879,0.3636363636,1.4242424242,1.3636363636,21.242,23.864,25.838,6.945,2.247,0.885,0.409,1.6,1.532,8.593147,7.988289,0.604858,25.546009,31.113126,0.6019032514,0.1841163574468085,1175.0,F,northwestern,398.6,398.6,,,,,,,,,,,True
2026,56,2,Vsevolod Ishchenko,CHI,PBC Lokomotiv Kuban (Russia),Russia,,2005-02-10,sleeper,True,21.363,4918,Vsevolod Ishchenko,0,international_pro,0,high_league_id_list,True,,,,,,,,,,,,,,,,,,,,,,,,,,,,,,,,395.7,395.7,,,,,,,,,,,False
2026,57,2,Narcisse Ngoy,ATL,Poitiers Basket 86 (France),France,,2004-07-13,sleeper,True,21.944,4912,Narcisse Ngoy,0,international_pro,0,medium_name_unique_2026,False,,,,,,,,,,,,,,,,,,,,,,,,,,,,,,,,999.0,,,,,,,,,,,,False
2026,58,2,Jaron Pierre Jr.,NOP,SMU (Sr.),United States,SMU,2002-07-12,sleeper,True,23.948,4906,Jaron Pierre,0,college,0,medium_name_unique_2026,False,jaron-pierrejr-1,2026,exact,34.0,33.2058823529,17.6176470588,4.9117647059,2.0882352941,0.9705882353,0.4411764706,1.8529411765,2.3529411765,17.956,21.63,21.222,5.917,2.516,1.169,0.531,2.232,2.834,5.011475,4.068141,0.943334,17.916836,25.402666,0.567207992,0.1221106820194862,1129.0,G,southern-methodist,422.4,422.4,,,,,,,,,,,True
2026,59,2,Trey Kaufman-Renn,MIN,Purdue ([Sr.),United States,Purdue,2002-08-19,sleeper,True,23.844,4901,Trey Kaufman-Renn,0,college,0,medium_name_unique_2026,False,trey-kaufman-renn-1,2026,exact,37.0,28.1351351351,14.1621621622,8.3243243243,2.5405405405,0.3783783784,0.2162162162,1.4054054054,0.0540540541,17.757,25.245,20.134,11.835,3.612,0.538,0.307,1.998,0.077,8.428715,6.154524,2.274191,23.779725,24.877085,0.5903227624,0.1866567146974063,1041.0,F,purdue,434.2,434.2,,,,,,,,,,,True
2026,60,2,Malique Lewis,WAS,South East Melbourne Phoenix (Australia),Trinidad and Tobago,,2004-11-10,sleeper,True,21.615,4916,Malique Lewis,0,international_pro,0,medium_name_unique_2026,False,,,,,,,,,,,,,,,,,,,,,,,,,,,,,,,,999.0,,,,,,,,,,,,False
